Time,Motor 2 Angle (deg),Motor 1 Angle (deg),Wavelength(nm),Power (W)
2026-07-20 15:44:25.791580,0,0,1550.0,0.0043042386
2026-07-20 15:44:27.021883,0,0.05,1550.0,0.00431037741
2026-07-20 15:44:28.244568,0,0.1,1550.0,0.00432002358
2026-07-20 15:44:29.490701,0,0.15000000000000002,1550.0,0.00431943964
2026-07-20 15:44:30.705412,0,0.2,1550.0,0.00432163151
2026-07-20 15:44:31.940072,0,0.25,1550.0,0.00432674726
2026-07-20 15:44:33.157289,0,0.3,1550.0,0.00433347048
2026-07-20 15:44:34.392387,0,0.35,1550.0,0.00433800137
2026-07-20 15:44:35.611557,0,0.39999999999999997,1550.0,0.00434092432
2026-07-20 15:44:36.839799,0,0.44999999999999996,1550.0,0.00434808666
2026-07-20 15:44:38.054737,0,0.49999999999999994,1550.0,0.0043508634
2026-07-20 15:44:39.289843,0,0.5499999999999999,1550.0,0.00435627112
2026-07-20 15:44:40.520827,0,0.6,1550.0,0.00435919408
2026-07-20 15:44:41.737964,0,0.65,1550.0,0.00435904786
2026-07-20 15:44:42.954236,0,0.7000000000000001,1550.0,0.00436547957
2026-07-20 15:44:44.192761,0,0.7500000000000001,1550.0,0.00436913315
2026-07-20 15:44:45.439964,0,0.8000000000000002,1550.0,0.00437293295
2026-07-20 15:44:46.687549,0,0.8500000000000002,1550.0,0.00437907176
2026-07-20 15:44:47.908323,0,0.9000000000000002,1550.0,0.00438316446
2026-07-20 15:44:49.138777,0,0.9500000000000003,1550.0,0.00438769534
2026-07-20 15:44:50.391643,0,1.0000000000000002,1550.0,0.00439032586
2026-07-20 15:44:51.614161,0,1.0500000000000003,1550.0,0.00439412659
2026-07-20 15:44:52.841515,0,1.1000000000000003,1550.0,0.00440041116
2026-07-20 15:44:54.091511,0,1.1500000000000004,1550.0,0.00440377323
2026-07-20 15:44:55.310363,0,1.2000000000000004,1550.0,0.00440757303
2026-07-20 15:44:56.538483,0,1.2500000000000004,1550.0,0.00441034976
2026-07-20 15:44:57.760348,0,1.3000000000000005,1550.0,0.00441415049
2026-07-20 15:44:58.991049,0,1.3500000000000005,1550.0,0.00441970397
2026-07-20 15:45:00.239276,0,1.4000000000000006,1550.0,0.00442394288
2026-07-20 15:45:01.462433,0,1.4500000000000006,1550.0,0.00442891242
2026-07-20 15:45:02.688834,0,1.5000000000000007,1550.0,0.0044334433
2026-07-20 15:45:03.909058,0,1.5500000000000007,1550.0,0.00443695066
2026-07-20 15:45:05.132684,0,1.6000000000000008,1550.0,0.00444192067
2026-07-20 15:45:06.354286,0,1.6500000000000008,1550.0,0.00444805901
2026-07-20 15:45:07.592193,0,1.7000000000000008,1550.0,0.00445039803
2026-07-20 15:45:08.838873,0,1.7500000000000009,1550.0,0.00445624348
2026-07-20 15:45:10.090555,0,1.800000000000001,1550.0,0.00446092105
2026-07-20 15:45:11.310198,0,1.850000000000001,1550.0,0.004463844
2026-07-20 15:45:12.540617,0,1.900000000000001,1550.0,0.0044676438
2026-07-20 15:45:13.790537,0,1.950000000000001,1550.0,0.00447085965
2026-07-20 15:45:15.015403,0,2.000000000000001,1550.0,0.00447480613
2026-07-20 15:45:16.238458,0,2.0500000000000007,1550.0,0.00447524432
2026-07-20 15:45:17.459742,0,2.1000000000000005,1550.0,0.00448123692
2026-07-20 15:45:18.691013,0,2.1500000000000004,1550.0,0.00448547583
2026-07-20 15:45:19.911078,0,2.2,1550.0,0.00449278345
2026-07-20 15:45:21.138229,0,2.25,1550.0,0.00449585309
2026-07-20 15:45:22.358624,0,2.3,1550.0,0.0045011146
2026-07-20 15:45:23.590875,0,2.3499999999999996,1550.0,0.00450623035
2026-07-20 15:45:24.840476,0,2.3999999999999995,1550.0,0.00450564548
2026-07-20 15:45:26.089536,0,2.4499999999999993,1550.0,0.00451090699
2026-07-20 15:45:27.310753,0,2.499999999999999,1550.0,0.00451763067
2026-07-20 15:45:28.541366,0,2.549999999999999,1550.0,0.00452099228
2026-07-20 15:45:29.792717,0,2.5999999999999988,1550.0,0.0045233313
2026-07-20 15:45:31.038250,0,2.6499999999999986,1550.0,0.00452903099
2026-07-20 15:45:32.288732,0,2.6999999999999984,1550.0,0.00452976162
2026-07-20 15:45:33.509062,0,2.7499999999999982,1550.0,0.00453268457
2026-07-20 15:45:34.738309,0,2.799999999999998,1550.0,0.00453604618
2026-07-20 15:45:35.957961,0,2.849999999999998,1550.0,0.00454262411
2026-07-20 15:45:37.190210,0,2.8999999999999977,1550.0,0.00454452401
2026-07-20 15:45:38.407622,0,2.9499999999999975,1550.0,0.00454510888
2026-07-20 15:45:39.623649,0,2.9999999999999973,1550.0,0.00454642391
2026-07-20 15:45:40.847028,0,3.049999999999997,1550.0,0.00455168542
2026-07-20 15:45:42.090517,0,3.099999999999997,1550.0,0.00455592386
2026-07-20 15:45:43.310244,0,3.149999999999997,1550.0,0.00456133159
2026-07-20 15:45:44.540013,0,3.1999999999999966,1550.0,0.00456074765
2026-07-20 15:45:45.790149,0,3.2499999999999964,1550.0,0.00456703221
2026-07-20 15:45:47.012424,0,3.2999999999999963,1550.0,0.00456761708
2026-07-20 15:45:48.238414,0,3.349999999999996,1550.0,0.00457302481
2026-07-20 15:45:49.457586,0,3.399999999999996,1550.0,0.00457653264
2026-07-20 15:45:50.687542,0,3.4499999999999957,1550.0,0.00457814056
2026-07-20 15:45:51.906324,0,3.4999999999999956,1550.0,0.00458267145
2026-07-20 15:45:53.131378,0,3.5499999999999954,1550.0,0.00458252523
2026-07-20 15:45:54.357553,0,3.599999999999995,1550.0,0.00458866404
2026-07-20 15:45:55.594182,0,3.649999999999995,1550.0,0.00459348736
2026-07-20 15:45:56.837338,0,3.699999999999995,1550.0,0.00459641032
2026-07-20 15:45:58.089852,0,3.7499999999999947,1550.0,0.00459538726
2026-07-20 15:45:59.306627,0,3.7999999999999945,1550.0,0.00459977193
2026-07-20 15:46:00.537175,0,3.8499999999999943,1550.0,0.00460357172
2026-07-20 15:46:01.755406,0,3.899999999999994,1550.0,0.00460605696
2026-07-20 15:46:02.990047,0,3.949999999999994,1550.0,0.00460839551
2026-07-20 15:46:04.213531,0,3.999999999999994,1550.0,0.00461204955
2026-07-20 15:46:05.442187,0,4.049999999999994,1550.0,0.00461394945
2026-07-20 15:46:06.688077,0,4.099999999999993,1550.0,0.00461833412
2026-07-20 15:46:07.908850,0,4.149999999999993,1550.0,0.00461891899
2026-07-20 15:46:09.136681,0,4.199999999999993,1550.0,0.00462169573
2026-07-20 15:46:10.356873,0,4.249999999999993,1550.0,0.00462315744
2026-07-20 15:46:11.589336,0,4.299999999999993,1550.0,0.00462973444
2026-07-20 15:46:12.807172,0,4.3499999999999925,1550.0,0.00463046506
2026-07-20 15:46:14.037306,0,4.399999999999992,1550.0,0.00463338895
2026-07-20 15:46:15.260732,0,4.449999999999992,1550.0,0.00463762693
2026-07-20 15:46:16.487104,0,4.499999999999992,1550.0,0.00464128144
2026-07-20 15:46:17.704704,0,4.549999999999992,1550.0,0.00464376621
2026-07-20 15:46:18.932483,0,4.599999999999992,1550.0,0.00464522699
2026-07-20 15:46:20.190054,0,4.6499999999999915,1550.0,0.00464975787
2026-07-20 15:46:21.407553,0,4.699999999999991,1550.0,0.00464975787
2026-07-20 15:46:22.636774,0,4.749999999999991,1550.0,0.00465195067
2026-07-20 15:46:23.851795,0,4.799999999999991,1550.0,0.00465282751
2026-07-20 15:46:25.088090,0,4.849999999999991,1550.0,0.00465779752
2026-07-20 15:46:26.310885,0,4.899999999999991,1550.0,0.00466159731
2026-07-20 15:46:27.538741,0,4.94999999999999,1550.0,0.00466335099
2026-07-20 15:46:28.789305,0,4.99999999999999,1550.0,0.00466905162
2026-07-20 15:46:30.015628,0,5.04999999999999,1550.0,0.00467007468
2026-07-20 15:46:31.235436,0,5.09999999999999,1550.0,0.00467022043
2026-07-20 15:46:32.459771,0,5.14999999999999,1550.0,0.00467124349
2026-07-20 15:46:33.686975,0,5.1999999999999895,1550.0,0.0046754824
2026-07-20 15:46:34.935930,0,5.249999999999989,1550.0,0.00467431312
2026-07-20 15:46:36.154393,0,5.299999999999989,1550.0,0.00467782095
2026-07-20 15:46:37.388478,0,5.349999999999989,1550.0,0.00467986707
2026-07-20 15:46:38.603085,0,5.399999999999989,1550.0,0.00468659028
2026-07-20 15:46:39.836070,0,5.449999999999989,1550.0,0.00468922127
2026-07-20 15:46:41.058671,0,5.4999999999999885,1550.0,0.00469228998
2026-07-20 15:46:42.285814,0,5.549999999999988,1550.0,0.00469228998
2026-07-20 15:46:43.500725,0,5.599999999999988,1550.0,0.00469477475
2026-07-20 15:46:44.724806,0,5.649999999999988,1550.0,0.00469901366
2026-07-20 15:46:45.948673,0,5.699999999999988,1550.0,0.0046979906
2026-07-20 15:46:47.190258,0,5.749999999999988,1550.0,0.00469915988
2026-07-20 15:46:48.407655,0,5.799999999999987,1550.0,0.00470149843
2026-07-20 15:46:49.634971,0,5.849999999999987,1550.0,0.00470296014
2026-07-20 15:46:50.857248,0,5.899999999999987,1550.0,0.00470865984
2026-07-20 15:46:52.087516,0,5.949999999999987,1550.0,0.00470749103
2026-07-20 15:46:53.307765,0,5.999999999999987,1550.0,0.00471085263
2026-07-20 15:46:54.538882,0,6.0499999999999865,1550.0,0.00471216766
2026-07-20 15:46:55.756210,0,6.099999999999986,1550.0,0.00471099885
2026-07-20 15:46:56.987673,0,6.149999999999986,1550.0,0.00471202191
2026-07-20 15:46:58.209229,0,6.199999999999986,1550.0,0.00471494533
2026-07-20 15:46:59.429257,0,6.249999999999986,1550.0,0.00471640658
2026-07-20 15:47:00.656902,0,6.299999999999986,1550.0,0.00471742963
2026-07-20 15:47:01.886129,0,6.349999999999985,1550.0,0.00472079124
2026-07-20 15:47:03.105688,0,6.399999999999985,1550.0,0.00472722249
2026-07-20 15:47:04.334980,0,6.449999999999985,1550.0,0.00472853752
2026-07-20 15:47:05.553159,0,6.499999999999985,1550.0,0.00472546881
2026-07-20 15:47:06.787264,0,6.549999999999985,1550.0,0.00472985348
2026-07-20 15:47:08.033332,0,6.5999999999999845,1550.0,0.00473102275
2026-07-20 15:47:09.252393,0,6.649999999999984,1550.0,0.00472985348
2026-07-20 15:47:10.485169,0,6.699999999999984,1550.0,0.00473029166
2026-07-20 15:47:11.709063,0,6.749999999999984,1550.0,0.00473087654
2026-07-20 15:47:12.928464,0,6.799999999999984,1550.0,0.00473379949
2026-07-20 15:47:14.152979,0,6.849999999999984,1550.0,0.00473365327
2026-07-20 15:47:15.388250,0,6.8999999999999835,1550.0,0.00473584607
2026-07-20 15:47:16.606274,0,6.949999999999983,1550.0,0.00473482301
2026-07-20 15:47:17.834949,0,6.999999999999983,1550.0,0.00473570032
2026-07-20 15:47:19.063277,0,7.049999999999983,1550.0,0.00473701535
2026-07-20 15:47:20.285033,0,7.099999999999983,1550.0,0.00473979209
2026-07-20 15:47:21.502866,0,7.149999999999983,1550.0,0.00474359281
2026-07-20 15:47:22.734314,0,7.199999999999982,1550.0,0.00474768458
2026-07-20 15:47:23.956305,0,7.249999999999982,1550.0,0.00474446965
2026-07-20 15:47:25.186933,0,7.299999999999982,1550.0,0.00474534649
2026-07-20 15:47:26.405051,0,7.349999999999982,1550.0,0.00475075422
2026-07-20 15:47:27.636611,0,7.399999999999982,1550.0,0.00474973116
2026-07-20 15:47:28.887448,0,7.4499999999999815,1550.0,0.00474519981
2026-07-20 15:47:30.134163,0,7.499999999999981,1550.0,0.00474812323
2026-07-20 15:47:31.357914,0,7.549999999999981,1550.0,0.00474256882
2026-07-20 15:47:32.586604,0,7.599999999999981,1550.0,0.0047465153
2026-07-20 15:47:33.832352,0,7.649999999999981,1550.0,0.00475206925
2026-07-20 15:47:35.054675,0,7.699999999999981,1550.0,0.00475002313
2026-07-20 15:47:36.284200,0,7.7499999999999805,1550.0,0.004750608
2026-07-20 15:47:37.511307,0,7.79999999999998,1550.0,0.00475499267
2026-07-20 15:47:38.734629,0,7.84999999999998,1550.0,0.0047563077
2026-07-20 15:47:39.957485,0,7.89999999999998,1550.0,0.0047544078
2026-07-20 15:47:41.187703,0,7.94999999999998,1550.0,0.00475382293
2026-07-20 15:47:42.433982,0,7.99999999999998,1550.0,0.00475294609
2026-07-20 15:47:43.652499,0,8.04999999999998,1550.0,0.00475397008
2026-07-20 15:47:44.884046,0,8.09999999999998,1550.0,0.0047525079
2026-07-20 15:47:46.105448,0,8.14999999999998,1550.0,0.00475382293
2026-07-20 15:47:47.335900,0,8.199999999999982,1550.0,0.0047525079
2026-07-20 15:47:48.556476,0,8.249999999999982,1550.0,0.00475543085
2026-07-20 15:47:49.786070,0,8.299999999999983,1550.0,0.00475791562
2026-07-20 15:47:51.012003,0,8.349999999999984,1550.0,0.004757185
2026-07-20 15:47:52.249710,0,8.399999999999984,1550.0,0.00476405444
2026-07-20 15:47:53.484465,0,8.449999999999985,1550.0,0.00476113148
2026-07-20 15:47:54.732009,0,8.499999999999986,1550.0,0.00475689257
2026-07-20 15:47:55.954591,0,8.549999999999986,1550.0,0.0047574779
2026-07-20 15:47:57.186146,0,8.599999999999987,1550.0,0.00475586997
2026-07-20 15:47:58.433794,0,8.649999999999988,1550.0,0.00476522418
2026-07-20 15:47:59.656126,0,8.699999999999989,1550.0,0.0047593778
2026-07-20 15:48:00.883512,0,8.74999999999999,1550.0,0.00475996267
2026-07-20 15:48:02.111370,0,8.79999999999999,1550.0,0.00476098526
2026-07-20 15:48:03.336866,0,8.84999999999999,1550.0,0.00475864671
2026-07-20 15:48:04.587484,0,8.899999999999991,1550.0,0.00475864671
2026-07-20 15:48:05.832597,0,8.949999999999992,1550.0,0.00475966977
2026-07-20 15:48:07.085113,0,8.999999999999993,1550.0,0.00475484692
2026-07-20 15:48:08.306812,0,9.049999999999994,1550.0,0.0047593778
2026-07-20 15:48:09.533139,0,9.099999999999994,1550.0,0.00475879293
2026-07-20 15:48:10.784306,0,9.149999999999995,1550.0,0.00476113148
2026-07-20 15:48:12.008384,0,9.199999999999996,1550.0,0.00475411583
2026-07-20 15:48:13.232634,0,9.249999999999996,1550.0,0.00475557707
2026-07-20 15:48:14.484268,0,9.299999999999997,1550.0,0.00475513889
2026-07-20 15:48:15.732931,0,9.349999999999998,1550.0,0.00475426205
2026-07-20 15:48:16.985534,0,9.399999999999999,1550.0,0.00476069283
2026-07-20 15:48:18.208171,0,9.45,1550.0,0.00476463931
2026-07-20 15:48:19.433068,0,9.5,1550.0,0.00476288516
2026-07-20 15:48:20.680883,0,9.55,1550.0,0.00476040039
2026-07-20 15:48:21.907313,0,9.600000000000001,1550.0,0.00475733075
2026-07-20 15:48:23.124161,0,9.650000000000002,1550.0,0.00475543085
2026-07-20 15:48:24.348362,0,9.700000000000003,1550.0,0.0047590849
2026-07-20 15:48:25.586497,0,9.750000000000004,1550.0,0.00476010842
2026-07-20 15:48:26.832399,0,9.800000000000004,1550.0,0.00475952355
2026-07-20 15:48:28.053202,0,9.850000000000005,1550.0,0.00475733075
2026-07-20 15:48:29.284924,0,9.900000000000006,1550.0,0.00475513889
2026-07-20 15:48:30.531590,0,9.950000000000006,1550.0,0.00475470023
2026-07-20 15:48:31.750959,0,10.000000000000007,1550.0,0.0047533852
2026-07-20 15:48:32.986926,0,10.050000000000008,1550.0,0.00475499267
2026-07-20 15:48:34.205256,0,10.100000000000009,1550.0,0.00475397008
2026-07-20 15:48:35.428478,0,10.15000000000001,1550.0,0.00475353096
2026-07-20 15:48:36.681161,0,10.20000000000001,1550.0,0.00475470023
2026-07-20 15:48:37.901375,0,10.25000000000001,1550.0,0.00475206925
2026-07-20 15:48:39.132249,0,10.300000000000011,1550.0,0.00475002313
2026-07-20 15:48:40.382177,0,10.350000000000012,1550.0,0.00474856142
2026-07-20 15:48:41.632353,0,10.400000000000013,1550.0,0.00474724639
2026-07-20 15:48:42.857220,0,10.450000000000014,1550.0,0.00474929251
2026-07-20 15:48:44.085754,0,10.500000000000014,1550.0,0.00475177728
2026-07-20 15:48:45.310032,0,10.550000000000015,1550.0,0.00475046225
2026-07-20 15:48:46.533008,0,10.600000000000016,1550.0,0.0047503151
2026-07-20 15:48:47.785461,0,10.650000000000016,1550.0,0.00474987738
2026-07-20 15:48:49.030984,0,10.700000000000017,1550.0,0.00474885432
2026-07-20 15:48:50.248653,0,10.750000000000018,1550.0,0.00474680774
2026-07-20 15:48:51.481900,0,10.800000000000018,1550.0,0.00474198489
2026-07-20 15:48:52.702817,0,10.85000000000002,1550.0,0.00473701535
2026-07-20 15:48:53.932145,0,10.90000000000002,1550.0,0.004739061
2026-07-20 15:48:55.182308,0,10.95000000000002,1550.0,0.00473964587
2026-07-20 15:48:56.416086,0,11.000000000000021,1550.0,0.00473657716
2026-07-20 15:48:57.636795,0,11.050000000000022,1550.0,0.0047352612
2026-07-20 15:48:58.857202,0,11.100000000000023,1550.0,0.00473511498
2026-07-20 15:49:00.084492,0,11.150000000000023,1550.0,0.0047330684
2026-07-20 15:49:01.334092,0,11.200000000000024,1550.0,0.00473423814
2026-07-20 15:49:02.551574,0,11.250000000000025,1550.0,0.00473263022
2026-07-20 15:49:03.783832,0,11.300000000000026,1550.0,0.00472839177
2026-07-20 15:49:05.032171,0,11.350000000000026,1550.0,0.00472766068
2026-07-20 15:49:06.282007,0,11.400000000000027,1550.0,0.00472678384
2026-07-20 15:49:07.505973,0,11.450000000000028,1550.0,0.0047261999
2026-07-20 15:49:08.728073,0,11.500000000000028,1550.0,0.00472473772
2026-07-20 15:49:09.984951,0,11.55000000000003,1550.0,0.00472166808
2026-07-20 15:49:11.231705,0,11.60000000000003,1550.0,0.0047202073
2026-07-20 15:49:12.455502,0,11.65000000000003,1550.0,0.00471582264
2026-07-20 15:49:13.681650,0,11.700000000000031,1550.0,0.00471509155
2026-07-20 15:49:14.929249,0,11.750000000000032,1550.0,0.00471392181
2026-07-20 15:49:16.155282,0,11.800000000000033,1550.0,0.00471231481
2026-07-20 15:49:17.383370,0,11.850000000000033,1550.0,0.00471158372
2026-07-20 15:49:18.615828,0,11.900000000000034,1550.0,0.00470836787
2026-07-20 15:49:19.839804,0,11.950000000000035,1550.0,0.00470734527
2026-07-20 15:49:21.084465,0,12.000000000000036,1550.0,0.00470836787
2026-07-20 15:49:22.331235,0,12.050000000000036,1550.0,0.00471099885
2026-07-20 15:49:23.583500,0,12.100000000000037,1550.0,0.00470661419
2026-07-20 15:49:24.803062,0,12.150000000000038,1550.0,0.00470427517
2026-07-20 15:49:26.030764,0,12.200000000000038,1550.0,0.00469828257
2026-07-20 15:49:27.247319,0,12.250000000000039,1550.0,0.00469404506
2026-07-20 15:49:28.483293,0,12.30000000000004,1550.0,0.00469594495
2026-07-20 15:49:29.708106,0,12.35000000000004,1550.0,0.00469550584
2026-07-20 15:49:30.933450,0,12.400000000000041,1550.0,0.00469652889
2026-07-20 15:49:32.184981,0,12.450000000000042,1550.0,0.00469842972
2026-07-20 15:49:33.431001,0,12.500000000000043,1550.0,0.00469769863
2026-07-20 15:49:34.681066,0,12.550000000000043,1550.0,0.00469477475
2026-07-20 15:49:35.931195,0,12.600000000000044,1550.0,0.00469243713
2026-07-20 15:49:37.153284,0,12.650000000000045,1550.0,0.00468834443
2026-07-20 15:49:38.383320,0,12.700000000000045,1550.0,0.00468878215
2026-07-20 15:49:39.604195,0,12.750000000000046,1550.0,0.00468322868
2026-07-20 15:49:40.825967,0,12.800000000000047,1550.0,0.00468556769
2026-07-20 15:49:42.048407,0,12.850000000000048,1550.0,0.00468410552
2026-07-20 15:49:43.281803,0,12.900000000000048,1550.0,0.00468132878
2026-07-20 15:49:44.529460,0,12.950000000000049,1550.0,0.00468147499
2026-07-20 15:49:45.781177,0,13.00000000000005,1550.0,0.00467592105
2026-07-20 15:49:47.030241,0,13.05000000000005,1550.0,0.0046716826
2026-07-20 15:49:48.254354,0,13.100000000000051,1550.0,0.0046713897
2026-07-20 15:49:49.484340,0,13.150000000000052,1550.0,0.00467007468
2026-07-20 15:49:50.708235,0,13.200000000000053,1550.0,0.00467109727
2026-07-20 15:49:51.939107,0,13.250000000000053,1550.0,0.00466729747
2026-07-20 15:49:53.153021,0,13.300000000000054,1550.0,0.00466437405
2026-07-20 15:49:54.384078,0,13.350000000000055,1550.0,0.00466218218
2026-07-20 15:49:55.630404,0,13.400000000000055,1550.0,0.0046595512
2026-07-20 15:49:56.853796,0,13.450000000000056,1550.0,0.00465794327
2026-07-20 15:49:58.082163,0,13.500000000000057,1550.0,0.00465472741
2026-07-20 15:49:59.330426,0,13.550000000000058,1550.0,0.00465151202
2026-07-20 15:50:00.547156,0,13.600000000000058,1550.0,0.00465063471
2026-07-20 15:50:01.782539,0,13.650000000000059,1550.0,0.00464902772
2026-07-20 15:50:03.010152,0,13.70000000000006,1550.0,0.00464347331
2026-07-20 15:50:04.238443,0,13.75000000000006,1550.0,0.00463850377
2026-07-20 15:50:05.481533,0,13.800000000000061,1550.0,0.0046382118
2026-07-20 15:50:06.730032,0,13.850000000000062,1550.0,0.00463309605
2026-07-20 15:50:07.953840,0,13.900000000000063,1550.0,0.00462841941
2026-07-20 15:50:09.183061,0,13.950000000000063,1550.0,0.00462359563
2026-07-20 15:50:10.430136,0,14.000000000000064,1550.0,0.00461760303
2026-07-20 15:50:11.677772,0,14.050000000000065,1550.0,0.00461263442
2026-07-20 15:50:12.899565,0,14.100000000000065,1550.0,0.00461131847
2026-07-20 15:50:14.124010,0,14.150000000000066,1550.0,0.00460985675
2026-07-20 15:50:15.343266,0,14.200000000000067,1550.0,0.00460781064
2026-07-20 15:50:16.582887,0,14.250000000000068,1550.0,0.00460459478
2026-07-20 15:50:17.829834,0,14.300000000000068,1550.0,0.00460240291
2026-07-20 15:50:19.081571,0,14.350000000000069,1550.0,0.00459743338
2026-07-20 15:50:20.299508,0,14.40000000000007,1550.0,0.00459494861
2026-07-20 15:50:21.529492,0,14.45000000000007,1550.0,0.00459231762
2026-07-20 15:50:22.750030,0,14.500000000000071,1550.0,0.00458632503
2026-07-20 15:50:23.981631,0,14.550000000000072,1550.0,0.00458120927
2026-07-20 15:50:25.208626,0,14.600000000000072,1550.0,0.00457638688
2026-07-20 15:50:26.437557,0,14.650000000000073,1550.0,0.00457521668
2026-07-20 15:50:27.680735,0,14.700000000000074,1550.0,0.004571856
2026-07-20 15:50:28.929418,0,14.750000000000075,1550.0,0.00456674024
2026-07-20 15:50:30.181825,0,14.800000000000075,1550.0,0.00456162449
2026-07-20 15:50:31.431445,0,14.850000000000076,1550.0,0.00455884775
2026-07-20 15:50:32.679278,0,14.900000000000077,1550.0,0.00455490127
2026-07-20 15:50:33.908660,0,14.950000000000077,1550.0,0.00455197832
2026-07-20 15:50:35.130377,0,15.000000000000078,1550.0,0.00455110148
2026-07-20 15:50:36.346984,0,15.050000000000079,1550.0,0.00454934733
2026-07-20 15:50:37.582875,0,15.10000000000008,1550.0,0.00454496266
2026-07-20 15:50:38.795690,0,15.15000000000008,1550.0,0.00453999313
2026-07-20 15:50:40.028882,0,15.200000000000081,1550.0,0.00453633908
2026-07-20 15:50:41.252888,0,15.250000000000082,1550.0,0.00453253882
2026-07-20 15:50:42.481032,0,15.300000000000082,1550.0,0.00452815369
2026-07-20 15:50:43.728720,0,15.350000000000083,1550.0,0.00452289218
2026-07-20 15:50:44.980861,0,15.400000000000084,1550.0,0.00452245399
2026-07-20 15:50:46.205298,0,15.450000000000085,1550.0,0.00451631565
2026-07-20 15:50:47.429000,0,15.500000000000085,1550.0,0.00451178383
2026-07-20 15:50:48.652393,0,15.550000000000086,1550.0,0.00450739916
2026-07-20 15:50:49.879582,0,15.600000000000087,1550.0,0.00450403756
2026-07-20 15:50:51.098554,0,15.650000000000087,1550.0,0.00450155372
2026-07-20 15:50:52.328572,0,15.700000000000088,1550.0,0.00449877605
2026-07-20 15:50:53.581239,0,15.750000000000089,1550.0,0.00449570687
2026-07-20 15:50:54.830374,0,15.80000000000009,1550.0,0.00449614506
2026-07-20 15:50:56.080336,0,15.85000000000009,1550.0,0.00449044537
2026-07-20 15:50:57.310706,0,15.900000000000091,1550.0,0.00448752148
2026-07-20 15:50:58.534188,0,15.950000000000092,1550.0,0.00448591448
2026-07-20 15:50:59.781635,0,16.000000000000092,1550.0,0.00448167603
2026-07-20 15:51:01.028578,0,16.050000000000093,1550.0,0.00447948324
2026-07-20 15:51:02.278419,0,16.100000000000094,1550.0,0.00447919127
2026-07-20 15:51:03.499294,0,16.150000000000095,1550.0,0.00446998281
2026-07-20 15:51:04.728201,0,16.200000000000095,1550.0,0.00446442887
2026-07-20 15:51:05.948942,0,16.250000000000096,1550.0,0.00446048239
2026-07-20 15:51:07.180485,0,16.300000000000097,1550.0,0.00445682835
2026-07-20 15:51:08.402168,0,16.350000000000097,1550.0,0.00445142109
2026-07-20 15:51:09.622773,0,16.400000000000098,1550.0,0.00444937404
2026-07-20 15:51:10.849514,0,16.4500000000001,1550.0,0.00444689021
2026-07-20 15:51:12.080673,0,16.5000000000001,1550.0,0.00443987362
2026-07-20 15:51:13.298046,0,16.5500000000001,1550.0,0.00443695066
2026-07-20 15:51:14.528097,0,16.6000000000001,1550.0,0.00443972787
2026-07-20 15:51:15.751880,0,16.6500000000001,1550.0,0.004437536
2026-07-20 15:51:16.986048,0,16.700000000000102,1550.0,0.004432566
2026-07-20 15:51:18.227796,0,16.750000000000103,1550.0,0.00442087371
2026-07-20 15:51:19.449261,0,16.800000000000104,1550.0,0.00441444246
2026-07-20 15:51:20.677061,0,16.850000000000104,1550.0,0.00441137329
2026-07-20 15:51:21.899869,0,16.900000000000105,1550.0,0.00440859562
2026-07-20 15:51:23.124496,0,16.950000000000106,1550.0,0.00440450385
2026-07-20 15:51:24.349023,0,17.000000000000107,1550.0,0.0043980726
2026-07-20 15:51:25.581368,0,17.050000000000107,1550.0,0.00439544162
2026-07-20 15:51:26.825662,0,17.100000000000108,1550.0,0.00439485768
2026-07-20 15:51:28.049567,0,17.15000000000011,1550.0,0.00438696425
2026-07-20 15:51:29.277932,0,17.20000000000011,1550.0,0.00438418752
2026-07-20 15:51:30.500804,0,17.25000000000011,1550.0,0.00438067969
2026-07-20 15:51:31.727173,0,17.30000000000011,1550.0,0.00437600305
2026-07-20 15:51:32.951570,0,17.35000000000011,1550.0,0.00436942512
2026-07-20 15:51:34.180968,0,17.400000000000112,1550.0,0.0043648947
2026-07-20 15:51:35.403703,0,17.450000000000113,1550.0,0.00435919408
2026-07-20 15:51:36.626408,0,17.500000000000114,1550.0,0.00435495609
2026-07-20 15:51:37.850874,0,17.550000000000114,1550.0,0.00435305526
2026-07-20 15:51:39.079380,0,17.600000000000115,1550.0,0.00434662495
2026-07-20 15:51:40.294187,0,17.650000000000116,1550.0,0.00433946308
2026-07-20 15:51:41.527706,0,17.700000000000117,1550.0,0.00433727028
2026-07-20 15:51:42.750795,0,17.750000000000117,1550.0,0.00433887821
2026-07-20 15:51:43.982025,0,17.800000000000118,1550.0,0.00432967022
2026-07-20 15:51:45.227174,0,17.85000000000012,1550.0,0.00432484737
2026-07-20 15:51:46.448087,0,17.90000000000012,1550.0,0.00431651575
2026-07-20 15:51:47.676964,0,17.95000000000012,1550.0,0.00431476207
2026-07-20 15:51:48.898110,0,18.00000000000012,1550.0,0.00431008497
2026-07-20 15:51:50.113465,0,18.05000000000012,1550.0,0.00430365372
2026-07-20 15:51:51.336895,0,18.100000000000122,1550.0,0.00429780781
2026-07-20 15:51:52.580506,0,18.150000000000123,1550.0,0.00429137656
2026-07-20 15:51:53.799886,0,18.200000000000124,1550.0,0.0042888918
2026-07-20 15:51:55.026788,0,18.250000000000124,1550.0,0.0042831921
2026-07-20 15:51:56.243990,0,18.300000000000125,1550.0,0.00427924516
2026-07-20 15:51:57.476602,0,18.350000000000126,1550.0,0.00427296059
2026-07-20 15:51:58.724864,0,18.400000000000126,1550.0,0.00426945277
2026-07-20 15:51:59.946591,0,18.450000000000127,1550.0,0.00427018385
2026-07-20 15:52:01.179451,0,18.500000000000128,1550.0,0.00426346017
2026-07-20 15:52:02.402927,0,18.55000000000013,1550.0,0.00425585965
2026-07-20 15:52:03.627813,0,18.60000000000013,1550.0,0.00424869824
2026-07-20 15:52:04.848913,0,18.65000000000013,1550.0,0.00424504466
2026-07-20 15:52:06.079481,0,18.70000000000013,1550.0,0.00424168259
2026-07-20 15:52:07.297086,0,18.75000000000013,1550.0,0.0042305747
2026-07-20 15:52:08.526106,0,18.800000000000132,1550.0,0.00422414392
2026-07-20 15:52:09.747466,0,18.850000000000133,1550.0,0.00422005123
2026-07-20 15:52:10.978389,0,18.900000000000134,1550.0,0.0042146435
2026-07-20 15:52:12.226294,0,18.950000000000134,1550.0,0.00420821179
2026-07-20 15:52:13.476020,0,19.000000000000135,1550.0,0.00420163525
2026-07-20 15:52:14.700762,0,19.050000000000136,1550.0,0.00419534976
2026-07-20 15:52:15.934279,0,19.100000000000136,1550.0,0.00418950431
2026-07-20 15:52:17.179330,0,19.150000000000137,1550.0,0.00418453431
2026-07-20 15:52:18.396687,0,19.200000000000138,1550.0,0.00417810399
2026-07-20 15:52:19.626223,0,19.25000000000014,1550.0,0.00417269534
2026-07-20 15:52:20.847835,0,19.30000000000014,1550.0,0.00417459616
2026-07-20 15:52:22.077794,0,19.35000000000014,1550.0,0.00416699564
2026-07-20 15:52:23.294967,0,19.40000000000014,1550.0,0.00416158792
2026-07-20 15:52:24.525594,0,19.45000000000014,1550.0,0.00415720232
2026-07-20 15:52:25.777754,0,19.500000000000142,1550.0,0.00414887164
2026-07-20 15:52:26.997770,0,19.550000000000143,1550.0,0.00414083339
2026-07-20 15:52:28.229262,0,19.600000000000144,1550.0,0.00413732557
2026-07-20 15:52:29.476329,0,19.650000000000144,1550.0,0.0041307481
2026-07-20 15:52:30.723543,0,19.700000000000145,1550.0,0.00412475551
2026-07-20 15:52:31.941089,0,19.750000000000146,1550.0,0.00412037084
2026-07-20 15:52:33.177203,0,19.800000000000146,1550.0,0.00411335519
2026-07-20 15:52:34.425526,0,19.850000000000147,1550.0,0.00410736259
2026-07-20 15:52:35.643392,0,19.900000000000148,1550.0,0.00410210108
2026-07-20 15:52:36.875308,0,19.95000000000015,1550.0,0.00409815414
2026-07-20 15:52:38.099564,0,20.00000000000015,1550.0,0.00409172382
2026-07-20 15:52:39.327497,0,20.05000000000015,1550.0,0.00408748491
2026-07-20 15:52:40.578047,0,20.10000000000015,1550.0,0.00408193143
2026-07-20 15:52:41.825349,0,20.15000000000015,1550.0,0.0040800306
2026-07-20 15:52:43.044806,0,20.200000000000152,1550.0,0.00407272298
2026-07-20 15:52:44.275096,0,20.250000000000153,1550.0,0.0040659993
2026-07-20 15:52:45.493868,0,20.300000000000153,1550.0,0.00405825302
2026-07-20 15:52:46.725333,0,20.350000000000154,1550.0,0.00404889928
2026-07-20 15:52:47.977142,0,20.400000000000155,1550.0,0.00404261379
2026-07-20 15:52:49.194008,0,20.450000000000156,1550.0,0.00403516041
2026-07-20 15:52:50.419084,0,20.500000000000156,1550.0,0.00402814476
2026-07-20 15:52:51.646169,0,20.550000000000157,1550.0,0.00402156729
2026-07-20 15:52:52.875913,0,20.600000000000158,1550.0,0.00401513651
2026-07-20 15:52:54.098993,0,20.65000000000016,1550.0,0.00400826707
2026-07-20 15:52:55.325758,0,20.70000000000016,1550.0,0.00400475925
2026-07-20 15:52:56.577282,0,20.75000000000016,1550.0,0.00400490547
2026-07-20 15:52:57.799913,0,20.80000000000016,1550.0,0.00399949774
2026-07-20 15:52:59.025233,0,20.85000000000016,1550.0,0.00399277406
2026-07-20 15:53:00.248147,0,20.900000000000162,1550.0,0.00398590462
2026-07-20 15:53:01.474576,0,20.950000000000163,1550.0,0.00397742726
2026-07-20 15:53:02.698325,0,21.000000000000163,1550.0,0.00397011964
2026-07-20 15:53:03.920988,0,21.050000000000164,1550.0,0.00396281108
2026-07-20 15:53:05.143267,0,21.100000000000165,1550.0,0.00395988813
2026-07-20 15:53:06.378239,0,21.150000000000166,1550.0,0.00395301869
2026-07-20 15:53:07.596904,0,21.200000000000166,1550.0,0.00394454133
2026-07-20 15:53:08.827437,0,21.250000000000167,1550.0,0.00393431028
2026-07-20 15:53:10.077178,0,21.300000000000168,1550.0,0.00392817147
2026-07-20 15:53:11.324659,0,21.35000000000017,1550.0,0.00391998701
2026-07-20 15:53:12.549887,0,21.40000000000017,1550.0,0.00391545612
2026-07-20 15:53:13.778928,0,21.45000000000017,1550.0,0.0039078556
2026-07-20 15:53:15.000113,0,21.50000000000017,1550.0,0.00389967114
2026-07-20 15:53:16.226759,0,21.55000000000017,1550.0,0.00389309367
2026-07-20 15:53:17.474757,0,21.600000000000172,1550.0,0.00388739305
2026-07-20 15:53:18.722550,0,21.650000000000173,1550.0,0.0038790626
2026-07-20 15:53:19.942627,0,21.700000000000173,1550.0,0.00387365487
2026-07-20 15:53:21.177059,0,21.750000000000174,1550.0,0.00386590837
2026-07-20 15:53:22.398047,0,21.800000000000175,1550.0,0.00386064686
2026-07-20 15:53:23.632705,0,21.850000000000176,1550.0,0.00385290035
2026-07-20 15:53:24.874576,0,21.900000000000176,1550.0,0.00384895364
2026-07-20 15:53:26.101564,0,21.950000000000177,1550.0,0.00384106115
2026-07-20 15:53:27.348222,0,22.000000000000178,1550.0,0.0038305379
2026-07-20 15:53:28.578062,0,22.05000000000018,1550.0,0.00382513017
2026-07-20 15:53:29.824626,0,22.10000000000018,1550.0,0.00382308336
2026-07-20 15:53:31.047603,0,22.15000000000018,1550.0,0.00380846742
2026-07-20 15:53:32.274353,0,22.20000000000018,1550.0,0.00380335166
2026-07-20 15:53:33.490695,0,22.25000000000018,1550.0,0.00379575207
2026-07-20 15:53:34.724289,0,22.300000000000182,1550.0,0.00379005144
2026-07-20 15:53:35.975170,0,22.350000000000183,1550.0,0.00378113613
2026-07-20 15:53:37.194268,0,22.400000000000183,1550.0,0.0037735356
2026-07-20 15:53:38.410241,0,22.450000000000184,1550.0,0.00376725104
2026-07-20 15:53:39.622601,0,22.500000000000185,1550.0,0.00376155041
2026-07-20 15:53:40.847343,0,22.550000000000185,1550.0,0.00375497364
2026-07-20 15:53:42.087165,0,22.600000000000186,1550.0,0.00374488859
2026-07-20 15:53:43.323512,0,22.650000000000187,1550.0,0.00374138076
2026-07-20 15:53:44.544195,0,22.700000000000188,1550.0,0.00373334228
2026-07-20 15:53:45.775885,0,22.75000000000019,1550.0,0.00372559577
2026-07-20 15:53:47.023661,0,22.80000000000019,1550.0,0.0037187261
2026-07-20 15:53:48.244668,0,22.85000000000019,1550.0,0.00370995677
2026-07-20 15:53:49.473878,0,22.90000000000019,1550.0,0.00370454905
2026-07-20 15:53:50.697334,0,22.95000000000019,1550.0,0.00369840953
2026-07-20 15:53:51.928234,0,23.000000000000192,1550.0,0.00368700922
2026-07-20 15:53:53.144960,0,23.050000000000193,1550.0,0.00368218659
2026-07-20 15:53:54.377183,0,23.100000000000193,1550.0,0.0036740012
2026-07-20 15:53:55.623140,0,23.150000000000194,1550.0,0.00366625469
2026-07-20 15:53:56.873815,0,23.200000000000195,1550.0,0.00365763134
2026-07-20 15:53:58.090518,0,23.250000000000195,1550.0,0.00365207763
2026-07-20 15:53:59.323520,0,23.300000000000196,1550.0,0.00364213926
2026-07-20 15:54:00.547682,0,23.350000000000197,1550.0,0.00363570778
2026-07-20 15:54:01.777046,0,23.400000000000198,1550.0,0.00363366166
2026-07-20 15:54:02.998425,0,23.4500000000002,1550.0,0.0036254765
2026-07-20 15:54:04.227170,0,23.5000000000002,1550.0,0.00361583009
2026-07-20 15:54:05.445276,0,23.5500000000002,1550.0,0.0036073525
2026-07-20 15:54:06.674460,0,23.6000000000002,1550.0,0.00360048376
2026-07-20 15:54:07.923389,0,23.6500000000002,1550.0,0.00359302922
2026-07-20 15:54:09.141353,0,23.700000000000202,1550.0,0.00358835259
2026-07-20 15:54:10.375608,0,23.750000000000203,1550.0,0.00358309038
2026-07-20 15:54:11.593536,0,23.800000000000203,1550.0,0.00357388239
2026-07-20 15:54:12.823059,0,23.850000000000204,1550.0,0.00356935174
2026-07-20 15:54:14.047304,0,23.900000000000205,1550.0,0.00355970534
2026-07-20 15:54:15.275359,0,23.950000000000205,1550.0,0.00355327432
2026-07-20 15:54:16.507753,0,24.000000000000206,1550.0,0.00354655087
2026-07-20 15:54:17.731596,0,24.050000000000207,1550.0,0.00353997364
2026-07-20 15:54:18.976120,0,24.100000000000207,1550.0,0.00353178871
2026-07-20 15:54:20.223018,0,24.150000000000208,1550.0,0.0035284271
2026-07-20 15:54:21.471516,0,24.20000000000021,1550.0,0.0035202424
2026-07-20 15:54:22.723719,0,24.25000000000021,1550.0,0.00351424981
2026-07-20 15:54:23.942762,0,24.30000000000021,1550.0,0.00350606488
2026-07-20 15:54:25.174654,0,24.35000000000021,1550.0,0.00350109534
2026-07-20 15:54:26.397304,0,24.40000000000021,1550.0,0.00349495676
2026-07-20 15:54:27.621817,0,24.450000000000212,1550.0,0.00348677184
2026-07-20 15:54:28.842057,0,24.500000000000213,1550.0,0.00347917178
2026-07-20 15:54:30.077049,0,24.550000000000214,1550.0,0.00346952537
2026-07-20 15:54:31.322528,0,24.600000000000215,1550.0,0.00346163241
2026-07-20 15:54:32.541117,0,24.650000000000215,1550.0,0.0034538859
2026-07-20 15:54:33.774930,0,24.700000000000216,1550.0,0.00344760134
2026-07-20 15:54:35.021802,0,24.750000000000217,1550.0,0.00344277802
2026-07-20 15:54:36.241828,0,24.800000000000217,1550.0,0.00343737006
2026-07-20 15:54:37.474212,0,24.850000000000218,1550.0,0.00342830853
2026-07-20 15:54:38.693415,0,24.90000000000022,1550.0,0.00342143909
2026-07-20 15:54:39.920289,0,24.95000000000022,1550.0,0.00341354613
2026-07-20 15:54:41.140256,0,25.00000000000022,1550.0,0.00340799242
2026-07-20 15:54:42.375141,0,25.05000000000022,1550.0,0.00340156141
2026-07-20 15:54:43.595459,0,25.10000000000022,1550.0,0.00339249941
2026-07-20 15:54:44.826020,0,25.150000000000222,1550.0,0.00338636083
2026-07-20 15:54:46.074204,0,25.200000000000223,1550.0,0.003376276
2026-07-20 15:54:47.291715,0,25.250000000000224,1550.0,0.00337364478
2026-07-20 15:54:48.521952,0,25.300000000000225,1550.0,0.00336648314
2026-07-20 15:54:49.771931,0,25.350000000000225,1550.0,0.00335800578
2026-07-20 15:54:50.998427,0,25.400000000000226,1550.0,0.00335069816
2026-07-20 15:54:52.216437,0,25.450000000000227,1550.0,0.00334119773
2026-07-20 15:54:53.473536,0,25.500000000000227,1550.0,0.00333388988
2026-07-20 15:54:54.693206,0,25.550000000000228,1550.0,0.00332731265
2026-07-20 15:54:55.921652,0,25.60000000000023,1550.0,0.00332102762
2026-07-20 15:54:57.146015,0,25.65000000000023,1550.0,0.00331181963
2026-07-20 15:54:58.374092,0,25.70000000000023,1550.0,0.00330582703
2026-07-20 15:54:59.596338,0,25.75000000000023,1550.0,0.00330012711
2026-07-20 15:55:00.826370,0,25.80000000000023,1550.0,0.00329164951
2026-07-20 15:55:02.073396,0,25.850000000000232,1550.0,0.00328463409
2026-07-20 15:55:03.306597,0,25.900000000000233,1550.0,0.003277326
2026-07-20 15:55:04.532321,0,25.950000000000234,1550.0,0.00326987193
2026-07-20 15:55:05.774839,0,26.000000000000234,1550.0,0.00326519483
2026-07-20 15:55:07.024144,0,26.050000000000235,1550.0,0.00325759477
2026-07-20 15:55:08.271754,0,26.100000000000236,1550.0,0.00325130974
2026-07-20 15:55:09.489208,0,26.150000000000237,1550.0,0.00324254041
2026-07-20 15:55:10.721493,0,26.200000000000237,1550.0,0.00323742465
2026-07-20 15:55:11.976004,0,26.250000000000238,1550.0,0.00322792423
2026-07-20 15:55:13.207039,0,26.30000000000024,1550.0,0.00322134723
2026-07-20 15:55:14.425335,0,26.35000000000024,1550.0,0.00321287033
2026-07-20 15:55:15.672160,0,26.40000000000024,1550.0,0.00320293149
2026-07-20 15:55:16.920980,0,26.45000000000024,1550.0,0.00319781573
2026-07-20 15:55:18.144562,0,26.50000000000024,1550.0,0.00319021521
2026-07-20 15:55:19.382758,0,26.550000000000242,1550.0,0.0031818843
2026-07-20 15:55:20.620780,0,26.600000000000243,1550.0,0.00317676878
2026-07-20 15:55:21.840437,0,26.650000000000244,1550.0,0.00316814566
2026-07-20 15:55:23.072338,0,26.700000000000244,1550.0,0.00316493004
2026-07-20 15:55:24.296653,0,26.750000000000245,1550.0,0.00315659889
2026-07-20 15:55:25.520895,0,26.800000000000246,1550.0,0.00314563722
2026-07-20 15:55:26.743603,0,26.850000000000247,1550.0,0.00313905976
2026-07-20 15:55:27.974031,0,26.900000000000247,1550.0,0.00313394447
2026-07-20 15:55:29.220706,0,26.950000000000248,1550.0,0.00312152086
2026-07-20 15:55:30.439233,0,27.00000000000025,1550.0,0.0031158207
2026-07-20 15:55:31.670959,0,27.05000000000025,1550.0,0.00310822017
2026-07-20 15:55:32.885411,0,27.10000000000025,1550.0,0.0031001817
2026-07-20 15:55:34.121448,0,27.15000000000025,1550.0,0.00309462752
2026-07-20 15:55:35.372647,0,27.20000000000025,1550.0,0.00308278878
2026-07-20 15:55:36.602409,0,27.250000000000252,1550.0,0.00307621178
2026-07-20 15:55:37.825515,0,27.300000000000253,1550.0,0.0030694881
2026-07-20 15:55:39.073379,0,27.350000000000254,1550.0,0.00306130317
2026-07-20 15:55:40.290189,0,27.400000000000254,1550.0,0.00305019552
2026-07-20 15:55:41.520283,0,27.450000000000255,1550.0,0.00304537173
2026-07-20 15:55:42.773302,0,27.500000000000256,1550.0,0.00303718727
2026-07-20 15:55:44.020816,0,27.550000000000257,1550.0,0.00302841747
2026-07-20 15:55:45.242664,0,27.600000000000257,1550.0,0.00302213291
2026-07-20 15:55:46.470514,0,27.650000000000258,1550.0,0.00301409396
2026-07-20 15:55:47.687336,0,27.70000000000026,1550.0,0.00301058614
2026-07-20 15:55:48.918328,0,27.75000000000026,1550.0,0.00299962424
2026-07-20 15:55:50.175943,0,27.80000000000026,1550.0,0.00299553154
2026-07-20 15:55:51.422413,0,27.85000000000026,1550.0,0.00298471632
2026-07-20 15:55:52.642892,0,27.90000000000026,1550.0,0.00297609274
2026-07-20 15:55:53.870089,0,27.950000000000262,1550.0,0.00296849245
2026-07-20 15:55:55.093337,0,28.000000000000263,1550.0,0.00296045397
2026-07-20 15:55:56.320349,0,28.050000000000264,1550.0,0.00295343786
2026-07-20 15:55:57.550194,0,28.100000000000264,1550.0,0.00294437609
2026-07-20 15:55:58.772233,0,28.150000000000265,1550.0,0.00293852994
2026-07-20 15:56:00.003690,0,28.200000000000266,1550.0,0.0029301988
2026-07-20 15:56:01.223243,0,28.250000000000266,1550.0,0.00291996752
2026-07-20 15:56:02.468527,0,28.300000000000267,1550.0,0.00291309808
2026-07-20 15:56:03.691118,0,28.350000000000268,1550.0,0.00290359766
2026-07-20 15:56:04.922049,0,28.40000000000027,1550.0,0.00289555918
2026-07-20 15:56:06.143178,0,28.45000000000027,1550.0,0.00288781268
2026-07-20 15:56:07.378330,0,28.50000000000027,1550.0,0.0028816741
2026-07-20 15:56:08.619692,0,28.55000000000027,1550.0,0.00287597394
2026-07-20 15:56:09.836104,0,28.60000000000027,1550.0,0.00286793499
2026-07-20 15:56:11.071238,0,28.650000000000272,1550.0,0.00285843457
2026-07-20 15:56:12.296205,0,28.700000000000273,1550.0,0.00285054208
2026-07-20 15:56:13.520468,0,28.750000000000274,1550.0,0.00284177274
2026-07-20 15:56:14.741629,0,28.800000000000274,1550.0,0.00283285673
2026-07-20 15:56:15.973208,0,28.850000000000275,1550.0,0.00282642571
2026-07-20 15:56:17.219427,0,28.900000000000276,1550.0,0.00281824125
2026-07-20 15:56:18.437936,0,28.950000000000276,1550.0,0.0028115178
2026-07-20 15:56:19.669675,0,29.000000000000277,1550.0,0.00280494057
2026-07-20 15:56:20.919118,0,29.050000000000278,1550.0,0.0027977787
2026-07-20 15:56:22.138320,0,29.10000000000028,1550.0,0.00278857071
2026-07-20 15:56:23.371495,0,29.15000000000028,1550.0,0.0027783399
2026-07-20 15:56:24.587695,0,29.20000000000028,1550.0,0.00277263927
2026-07-20 15:56:25.819031,0,29.25000000000028,1550.0,0.00276503921
2026-07-20 15:56:27.038367,0,29.30000000000028,1550.0,0.00275597745
2026-07-20 15:56:28.270123,0,29.350000000000282,1550.0,0.00274501555
2026-07-20 15:56:29.491332,0,29.400000000000283,1550.0,0.00273683062
2026-07-20 15:56:30.718961,0,29.450000000000284,1550.0,0.00272747618
2026-07-20 15:56:31.973236,0,29.500000000000284,1550.0,0.00271929125
2026-07-20 15:56:33.219330,0,29.550000000000285,1550.0,0.00270979083
2026-07-20 15:56:34.437876,0,29.600000000000286,1550.0,0.00270350627
2026-07-20 15:56:35.668923,0,29.650000000000286,1550.0,0.00269663683
2026-07-20 15:56:36.889174,0,29.700000000000287,1550.0,0.00268859835
2026-07-20 15:56:38.115010,0,29.750000000000288,1550.0,0.00267792842
2026-07-20 15:56:39.326044,0,29.80000000000029,1550.0,0.00266740518
2026-07-20 15:56:40.571679,0,29.85000000000029,1550.0,0.00266141258
2026-07-20 15:56:41.785096,0,29.90000000000029,1550.0,0.00265308167
2026-07-20 15:56:43.018515,0,29.95000000000029,1550.0,0.0026456276
2026-07-20 15:56:44.266132,0,30.00000000000029,1550.0,0.00263656559
2026-07-20 15:56:45.480296,0,30.050000000000292,1550.0,0.00262925774
2026-07-20 15:56:46.718421,0,30.100000000000293,1550.0,0.00261888048
2026-07-20 15:56:47.939357,0,30.150000000000293,1550.0,0.00261171837
2026-07-20 15:56:49.171612,0,30.200000000000294,1550.0,0.00260382588
2026-07-20 15:56:50.393353,0,30.250000000000295,1550.0,0.00259476411
2026-07-20 15:56:51.618054,0,30.300000000000296,1550.0,0.00258350978
2026-07-20 15:56:52.867240,0,30.350000000000296,1550.0,0.00257649412
2026-07-20 15:56:54.089226,0,30.400000000000297,1550.0,0.00256787078
2026-07-20 15:56:55.318366,0,30.450000000000298,1550.0,0.00256158621
2026-07-20 15:56:56.537321,0,30.5000000000003,1550.0,0.00255135493
2026-07-20 15:56:57.770621,0,30.5500000000003,1550.0,0.00254097744
2026-07-20 15:56:58.988227,0,30.6000000000003,1550.0,0.00253206212
2026-07-20 15:57:00.218021,0,30.6500000000003,1550.0,0.00252475403
2026-07-20 15:57:01.434201,0,30.7000000000003,1550.0,0.00251525361
2026-07-20 15:57:02.668247,0,30.750000000000302,1550.0,0.00250414549
2026-07-20 15:57:03.898480,0,30.800000000000303,1550.0,0.00249566836
2026-07-20 15:57:05.133679,0,30.850000000000303,1550.0,0.00248660659
2026-07-20 15:57:06.371083,0,30.900000000000304,1550.0,0.00247798325
2026-07-20 15:57:07.617573,0,30.950000000000305,1550.0,0.00247199065
2026-07-20 15:57:08.867600,0,31.000000000000306,1550.0,0.00246161316
2026-07-20 15:57:10.091026,0,31.050000000000306,1550.0,0.00245211297
2026-07-20 15:57:11.317177,0,31.100000000000307,1550.0,0.00244319718
2026-07-20 15:57:12.538243,0,31.150000000000308,1550.0,0.00243588933
2026-07-20 15:57:13.770056,0,31.20000000000031,1550.0,0.00242711976
2026-07-20 15:57:14.994511,0,31.25000000000031,1550.0,0.00241864263
2026-07-20 15:57:16.215140,0,31.30000000000031,1550.0,0.00241031172
2026-07-20 15:57:17.466043,0,31.35000000000031,1550.0,0.00239861896
2026-07-20 15:57:18.691778,0,31.40000000000031,1550.0,0.00239145709
2026-07-20 15:57:19.917870,0,31.450000000000312,1550.0,0.00238371058
2026-07-20 15:57:21.168021,0,31.500000000000313,1550.0,0.00237231026
2026-07-20 15:57:22.388325,0,31.550000000000313,1550.0,0.00236441777
2026-07-20 15:57:23.617377,0,31.600000000000314,1550.0,0.00235374807
2026-07-20 15:57:24.840328,0,31.650000000000315,1550.0,0.00234600157
2026-07-20 15:57:26.069548,0,31.700000000000315,1550.0,0.00233664759
2026-07-20 15:57:27.291123,0,31.750000000000316,1550.0,0.00232612388
2026-07-20 15:57:28.519783,0,31.800000000000317,1550.0,0.00231750077
2026-07-20 15:57:29.736808,0,31.850000000000318,1550.0,0.00231004646
2026-07-20 15:57:30.970708,0,31.90000000000032,1550.0,0.00230069226
2026-07-20 15:57:32.217470,0,31.95000000000032,1550.0,0.0022933844
2026-07-20 15:57:33.438376,0,32.00000000000032,1550.0,0.00228593033
2026-07-20 15:57:34.667980,0,32.05000000000032,1550.0,0.00227803783
2026-07-20 15:57:35.887979,0,32.100000000000314,1550.0,0.00227014511
2026-07-20 15:57:37.118498,0,32.15000000000031,1550.0,0.0022623986
2026-07-20 15:57:38.329341,0,32.20000000000031,1550.0,0.00225406769
2026-07-20 15:57:39.569198,0,32.250000000000306,1550.0,0.00224602898
2026-07-20 15:57:40.789938,0,32.3000000000003,1550.0,0.00223813648
2026-07-20 15:57:42.018435,0,32.3500000000003,1550.0,0.00223009754
2026-07-20 15:57:43.238099,0,32.4000000000003,1550.0,0.002218551
2026-07-20 15:57:44.467737,0,32.450000000000294,1550.0,0.0022135817
2026-07-20 15:57:45.716844,0,32.50000000000029,1550.0,0.00220554299
2026-07-20 15:57:46.938515,0,32.55000000000029,1550.0,0.00219589658
2026-07-20 15:57:48.169086,0,32.600000000000286,1550.0,0.00218712678
2026-07-20 15:57:49.416306,0,32.65000000000028,1550.0,0.00217821123
2026-07-20 15:57:50.640120,0,32.70000000000028,1550.0,0.00217061094
2026-07-20 15:57:51.867311,0,32.75000000000028,1550.0,0.00216169516
2026-07-20 15:57:53.092703,0,32.800000000000274,1550.0,0.00215131789
2026-07-20 15:57:54.335005,0,32.85000000000027,1550.0,0.00214357139
2026-07-20 15:57:55.569728,0,32.90000000000027,1550.0,0.00213757902
2026-07-20 15:57:56.816217,0,32.950000000000266,1550.0,0.00213041739
2026-07-20 15:57:58.036732,0,33.00000000000026,1550.0,0.00212120917
2026-07-20 15:57:59.265959,0,33.05000000000026,1550.0,0.00211287825
2026-07-20 15:58:00.490297,0,33.10000000000026,1550.0,0.00210454711
2026-07-20 15:58:01.716798,0,33.150000000000254,1550.0,0.00209811609
2026-07-20 15:58:02.940433,0,33.20000000000025,1550.0,0.00209066202
2026-07-20 15:58:04.169611,0,33.25000000000025,1550.0,0.0020861309
2026-07-20 15:58:05.387719,0,33.300000000000246,1550.0,0.00207546144
2026-07-20 15:58:06.617615,0,33.35000000000024,1550.0,0.00206566881
2026-07-20 15:58:07.867521,0,33.40000000000024,1550.0,0.00205719168
2026-07-20 15:58:09.115870,0,33.45000000000024,1550.0,0.00205251458
2026-07-20 15:58:10.338673,0,33.500000000000234,1550.0,0.0020435988
2026-07-20 15:58:11.568686,0,33.55000000000023,1550.0,0.0020354141
2026-07-20 15:58:12.816249,0,33.60000000000023,1550.0,0.00202679075
2026-07-20 15:58:14.032709,0,33.650000000000226,1550.0,0.00201875181
2026-07-20 15:58:15.266009,0,33.70000000000022,1550.0,0.00200881297
2026-07-20 15:58:16.492508,0,33.75000000000022,1550.0,0.00200311304
2026-07-20 15:58:17.717940,0,33.80000000000022,1550.0,0.00199755887
2026-07-20 15:58:18.938866,0,33.850000000000215,1550.0,0.0019871816
2026-07-20 15:58:20.168374,0,33.90000000000021,1550.0,0.00197987352
2026-07-20 15:58:21.415321,0,33.95000000000021,1550.0,0.00197373494
2026-07-20 15:58:22.637815,0,34.000000000000206,1550.0,0.0019624806
2026-07-20 15:58:23.868393,0,34.0500000000002,1550.0,0.0019559036
2026-07-20 15:58:25.088677,0,34.1000000000002,1550.0,0.00194728014
2026-07-20 15:58:26.314596,0,34.1500000000002,1550.0,0.00194187229
2026-07-20 15:58:27.567768,0,34.200000000000195,1550.0,0.00193500274
2026-07-20 15:58:28.787010,0,34.25000000000019,1550.0,0.00192535634
2026-07-20 15:58:30.009482,0,34.30000000000019,1550.0,0.0019183408
2026-07-20 15:58:31.234887,0,34.350000000000186,1550.0,0.00190971734
2026-07-20 15:58:32.466936,0,34.40000000000018,1550.0,0.00190138619
2026-07-20 15:58:33.684453,0,34.45000000000018,1550.0,0.00189407833
2026-07-20 15:58:34.915275,0,34.50000000000018,1550.0,0.00188910891
2026-07-20 15:58:36.139682,0,34.550000000000175,1550.0,0.00188150874
2026-07-20 15:58:37.367690,0,34.60000000000017,1550.0,0.00187595456
2026-07-20 15:58:38.613467,0,34.65000000000017,1550.0,0.00186820806
2026-07-20 15:58:39.824082,0,34.700000000000166,1550.0,0.00186396961
2026-07-20 15:58:41.066247,0,34.75000000000016,1550.0,0.00185651542
2026-07-20 15:58:42.287513,0,34.80000000000016,1550.0,0.00184438413
2026-07-20 15:58:43.510861,0,34.85000000000016,1550.0,0.00183561479
2026-07-20 15:58:44.732193,0,34.900000000000155,1550.0,0.0018283067
2026-07-20 15:58:45.968186,0,34.95000000000015,1550.0,0.00181778346
2026-07-20 15:58:47.187260,0,35.00000000000015,1550.0,0.00181164464
2026-07-20 15:58:48.414767,0,35.050000000000146,1550.0,0.00180097506
2026-07-20 15:58:49.664197,0,35.10000000000014,1550.0,0.00179454417
2026-07-20 15:58:50.890056,0,35.15000000000014,1550.0,0.00178533606
2026-07-20 15:58:52.116304,0,35.20000000000014,1550.0,0.00177612819
2026-07-20 15:58:53.366569,0,35.250000000000135,1550.0,0.00176867389
2026-07-20 15:58:54.595313,0,35.30000000000013,1550.0,0.00176063518
2026-07-20 15:58:55.817607,0,35.35000000000013,1550.0,0.00175361964
2026-07-20 15:58:57.066915,0,35.40000000000013,1550.0,0.00174587313
2026-07-20 15:58:58.288049,0,35.450000000000124,1550.0,0.00173827296
2026-07-20 15:58:59.514461,0,35.50000000000012,1550.0,0.00172994193
2026-07-20 15:59:00.737779,0,35.55000000000012,1550.0,0.00172278017
2026-07-20 15:59:01.971230,0,35.600000000000115,1550.0,0.00171532598
2026-07-20 15:59:03.214130,0,35.65000000000011,1550.0,0.001706118
2026-07-20 15:59:04.435636,0,35.70000000000011,1550.0,0.00169778685
2026-07-20 15:59:05.665129,0,35.75000000000011,1550.0,0.00169208669
2026-07-20 15:59:06.893073,0,35.800000000000104,1550.0,0.00168375578
2026-07-20 15:59:08.120216,0,35.8500000000001,1550.0,0.00167381694
2026-07-20 15:59:09.367876,0,35.9000000000001,1550.0,0.00166767812
2026-07-20 15:59:10.613949,0,35.950000000000095,1550.0,0.00166007783
2026-07-20 15:59:11.836843,0,36.00000000000009,1550.0,0.00165408547
2026-07-20 15:59:13.065127,0,36.05000000000009,1550.0,0.00164487737
2026-07-20 15:59:14.285689,0,36.10000000000009,1550.0,0.0016377155
2026-07-20 15:59:15.513752,0,36.150000000000084,1550.0,0.00162850763
2026-07-20 15:59:16.765411,0,36.20000000000008,1550.0,0.00161988416
2026-07-20 15:59:17.985229,0,36.25000000000008,1550.0,0.00161316094
2026-07-20 15:59:19.213505,0,36.300000000000075,1550.0,0.0016046837
2026-07-20 15:59:20.463679,0,36.35000000000007,1550.0,0.00159883732
2026-07-20 15:59:21.712807,0,36.40000000000007,1550.0,0.0015890447
2026-07-20 15:59:22.938708,0,36.45000000000007,1550.0,0.00157866743
2026-07-20 15:59:24.167012,0,36.500000000000064,1550.0,0.00157062872
2026-07-20 15:59:25.413198,0,36.55000000000006,1550.0,0.00156492833
2026-07-20 15:59:26.633875,0,36.60000000000006,1550.0,0.001558205
2026-07-20 15:59:27.866977,0,36.650000000000055,1550.0,0.00155075104
2026-07-20 15:59:29.098182,0,36.70000000000005,1550.0,0.00154285855
2026-07-20 15:59:30.321227,0,36.75000000000005,1550.0,0.00153598899
2026-07-20 15:59:31.563785,0,36.80000000000005,1550.0,0.00152619637
2026-07-20 15:59:32.786810,0,36.850000000000044,1550.0,0.00151669595
2026-07-20 15:59:34.013154,0,36.90000000000004,1550.0,0.00150938798
2026-07-20 15:59:35.263770,0,36.95000000000004,1550.0,0.00150383404
2026-07-20 15:59:36.512069,0,37.000000000000036,1550.0,0.00149550289
2026-07-20 15:59:37.765094,0,37.05000000000003,1550.0,0.00148863357
2026-07-20 15:59:38.984790,0,37.10000000000003,1550.0,0.00147927925
2026-07-20 15:59:40.203667,0,37.15000000000003,1550.0,0.00147167896
2026-07-20 15:59:41.434231,0,37.200000000000024,1550.0,0.00146510196
2026-07-20 15:59:42.664369,0,37.25000000000002,1550.0,0.00145647849
2026-07-20 15:59:43.887315,0,37.30000000000002,1550.0,0.00144946296
2026-07-20 15:59:45.116743,0,37.350000000000016,1550.0,0.00144200888
2026-07-20 15:59:46.365524,0,37.40000000000001,1550.0,0.0014345547
2026-07-20 15:59:47.612871,0,37.45000000000001,1550.0,0.0014266622
2026-07-20 15:59:48.838074,0,37.50000000000001,1550.0,0.00141847727
2026-07-20 15:59:50.064022,0,37.550000000000004,1550.0,0.00141204614
2026-07-20 15:59:51.297999,0,37.6,1550.0,0.00140342291
2026-07-20 15:59:52.515714,0,37.65,1550.0,0.00139596872
2026-07-20 15:59:53.763697,0,37.699999999999996,1550.0,0.00138924539
2026-07-20 15:59:54.984495,0,37.74999999999999,1550.0,0.00138047594
2026-07-20 15:59:56.212711,0,37.79999999999999,1550.0,0.00137229101
2026-07-20 15:59:57.463026,0,37.84999999999999,1550.0,0.0013645445
2026-07-20 15:59:58.711286,0,37.899999999999984,1550.0,0.00135723676
2026-07-20 15:59:59.927657,0,37.94999999999998,1550.0,0.00134934403
2026-07-20 16:00:01.164944,0,37.99999999999998,1550.0,0.00134145154
2026-07-20 16:00:02.398067,0,38.049999999999976,1550.0,0.00133341283
2026-07-20 16:00:03.618939,0,38.09999999999997,1550.0,0.00132639706
2026-07-20 16:00:04.863167,0,38.14999999999997,1550.0,0.00131733541
2026-07-20 16:00:06.112561,0,38.19999999999997,1550.0,0.00130973489
2026-07-20 16:00:07.366566,0,38.249999999999964,1550.0,0.00130345009
2026-07-20 16:00:08.609915,0,38.29999999999996,1550.0,0.00129541138
2026-07-20 16:00:09.827472,0,38.34999999999996,1550.0,0.0012876651
2026-07-20 16:00:11.064131,0,38.399999999999956,1550.0,0.00128123397
2026-07-20 16:00:12.297830,0,38.44999999999995,1550.0,0.00127275684
2026-07-20 16:00:13.528731,0,38.49999999999995,1550.0,0.00126559508
2026-07-20 16:00:14.765464,0,38.54999999999995,1550.0,0.0012568254
2026-07-20 16:00:16.012354,0,38.599999999999945,1550.0,0.0012503945
2026-07-20 16:00:17.260832,0,38.64999999999994,1550.0,0.00124250178
2026-07-20 16:00:18.512154,0,38.69999999999994,1550.0,0.00123344013
2026-07-20 16:00:19.727863,0,38.749999999999936,1550.0,0.00122671679
2026-07-20 16:00:20.963843,0,38.79999999999993,1550.0,0.00122043199
2026-07-20 16:00:22.189925,0,38.84999999999993,1550.0,0.00121370866
2026-07-20 16:00:23.415181,0,38.89999999999993,1550.0,0.00120537751
2026-07-20 16:00:24.636295,0,38.949999999999925,1550.0,0.00119763101
2026-07-20 16:00:25.863209,0,38.99999999999992,1550.0,0.00119003083
2026-07-20 16:00:27.111768,0,39.04999999999992,1550.0,0.00118155358
2026-07-20 16:00:28.337340,0,39.099999999999916,1550.0,0.00117512268
2026-07-20 16:00:29.563950,0,39.14999999999991,1550.0,0.00116708386
2026-07-20 16:00:30.785142,0,39.19999999999991,1550.0,0.00115948357
2026-07-20 16:00:32.012202,0,39.24999999999991,1550.0,0.00115086033
2026-07-20 16:00:33.230659,0,39.299999999999905,1550.0,0.00114442932
2026-07-20 16:00:34.461434,0,39.3499999999999,1550.0,0.00113872916
2026-07-20 16:00:35.689599,0,39.3999999999999,1550.0,0.00113025191
2026-07-20 16:00:36.910247,0,39.449999999999896,1550.0,0.00112323614
2026-07-20 16:00:38.129852,0,39.49999999999989,1550.0,0.00111388206
2026-07-20 16:00:39.364772,0,39.54999999999989,1550.0,0.00110657408
2026-07-20 16:00:40.609351,0,39.59999999999989,1550.0,0.00109941221
2026-07-20 16:00:41.830466,0,39.649999999999885,1550.0,0.00109312742
2026-07-20 16:00:43.062948,0,39.69999999999988,1550.0,0.00108596566
2026-07-20 16:00:44.311288,0,39.74999999999988,1550.0,0.00107851159
2026-07-20 16:00:45.562372,0,39.799999999999876,1550.0,0.00107091141
2026-07-20 16:00:46.791418,0,39.84999999999987,1550.0,0.00106228795
2026-07-20 16:00:48.014844,0,39.89999999999987,1550.0,0.00105556461
2026-07-20 16:00:49.261693,0,39.94999999999987,1550.0,0.00104811066
2026-07-20 16:00:50.480276,0,39.999999999999865,1550.0,0.00104109489
2026-07-20 16:00:51.711289,0,40.04999999999986,1550.0,0.00103568693
2026-07-20 16:00:52.963983,0,40.09999999999986,1550.0,0.00102940213
2026-07-20 16:00:54.211405,0,40.14999999999986,1550.0,0.00102004793
2026-07-20 16:00:55.458695,0,40.199999999999854,1550.0,0.00101171702
2026-07-20 16:00:56.679477,0,40.24999999999985,1550.0,0.00100572442
2026-07-20 16:00:57.907456,0,40.29999999999985,1550.0,0.000998708885
2026-07-20 16:00:59.127279,0,40.349999999999845,1550.0,0.000991254812
2026-07-20 16:01:00.364727,0,40.39999999999984,1550.0,0.000985846971
2026-07-20 16:01:01.611170,0,40.44999999999984,1550.0,0.000977808028
2026-07-20 16:01:02.860128,0,40.49999999999984,1550.0,0.000969769317
2026-07-20 16:01:04.085912,0,40.549999999999834,1550.0,0.000964215375
2026-07-20 16:01:05.311525,0,40.59999999999983,1550.0,0.000957784301
2026-07-20 16:01:06.533449,0,40.64999999999983,1550.0,0.000950622547
2026-07-20 16:01:07.763194,0,40.699999999999825,1550.0,0.000944922387
2026-07-20 16:01:08.987321,0,40.74999999999982,1550.0,0.000937322155
2026-07-20 16:01:10.217216,0,40.79999999999982,1550.0,0.000932352734
2026-07-20 16:01:11.461703,0,40.84999999999982,1550.0,0.000926067936
2026-07-20 16:01:12.683052,0,40.899999999999814,1550.0,0.000919052167
2026-07-20 16:01:13.910530,0,40.94999999999981,1550.0,0.000912767311
2026-07-20 16:01:15.163414,0,40.99999999999981,1550.0,0.000905459514
2026-07-20 16:01:16.410932,0,41.049999999999805,1550.0,0.000899466919
2026-07-20 16:01:17.660064,0,41.0999999999998,1550.0,0.000892451382
2026-07-20 16:01:18.878063,0,41.1499999999998,1550.0,0.000886166526
2026-07-20 16:01:20.107549,0,41.1999999999998,1550.0,0.000880320149
2026-07-20 16:01:21.330543,0,41.249999999999794,1550.0,0.000873889134
2026-07-20 16:01:22.564612,0,41.29999999999979,1550.0,0.000867019582
2026-07-20 16:01:23.810425,0,41.34999999999979,1550.0,0.000862781075
2026-07-20 16:01:25.062588,0,41.399999999999785,1550.0,0.000856934697
2026-07-20 16:01:26.308463,0,41.44999999999978,1550.0,0.000850065204
2026-07-20 16:01:27.563958,0,41.49999999999978,1550.0,0.000843634305
2026-07-20 16:01:28.781693,0,41.54999999999978,1550.0,0.000839687884
2026-07-20 16:01:30.003090,0,41.599999999999774,1550.0,0.000833549246
2026-07-20 16:01:31.233542,0,41.64999999999977,1550.0,0.00082682597
2026-07-20 16:01:32.461228,0,41.69999999999977,1550.0,0.000820248853
2026-07-20 16:01:33.676197,0,41.749999999999766,1550.0,0.00081498723
2026-07-20 16:01:34.910351,0,41.79999999999976,1550.0,0.000808702374
2026-07-20 16:01:36.133230,0,41.84999999999976,1550.0,0.000803440518
2026-07-20 16:01:37.362581,0,41.89999999999976,1550.0,0.000797740358
2026-07-20 16:01:38.583692,0,41.949999999999754,1550.0,0.000792332459
2026-07-20 16:01:39.809448,0,41.99999999999975,1550.0,0.000785462966
2026-07-20 16:01:41.031076,0,42.04999999999975,1550.0,0.000779324328
2026-07-20 16:01:42.259393,0,42.099999999999746,1550.0,0.000774939603
2026-07-20 16:01:43.487504,0,42.14999999999974,1550.0,0.000767923833
2026-07-20 16:01:44.718871,0,42.19999999999974,1550.0,0.000762954645
2026-07-20 16:01:45.963268,0,42.24999999999974,1550.0,0.00075696205
2026-07-20 16:01:47.208444,0,42.299999999999734,1550.0,0.000751554151
2026-07-20 16:01:48.429776,0,42.34999999999973,1550.0,0.000746876991
2026-07-20 16:01:49.662082,0,42.39999999999973,1550.0,0.000740592135
2026-07-20 16:01:50.882167,0,42.449999999999726,1550.0,0.000736353628
2026-07-20 16:01:52.109480,0,42.49999999999972,1550.0,0.000730653526
2026-07-20 16:01:53.331765,0,42.54999999999972,1550.0,0.00072436867
2026-07-20 16:01:54.563831,0,42.59999999999972,1550.0,0.000717791379
2026-07-20 16:01:55.795605,0,42.649999999999714,1550.0,0.000714722089
2026-07-20 16:01:57.020350,0,42.69999999999971,1550.0,0.000708875712
2026-07-20 16:01:58.259914,0,42.74999999999971,1550.0,0.000703906291
2026-07-20 16:01:59.475585,0,42.799999999999706,1550.0,0.000697183015
2026-07-20 16:02:00.709701,0,42.8499999999997,1550.0,0.000694844406
2026-07-20 16:02:01.960283,0,42.8999999999997,1550.0,0.000688413449
2026-07-20 16:02:03.209120,0,42.9499999999997,1550.0,0.000680228579
2026-07-20 16:02:04.459721,0,42.999999999999694,1550.0,0.000675551535
2026-07-20 16:02:05.686279,0,43.04999999999969,1550.0,0.000668535882
2026-07-20 16:02:06.919246,0,43.09999999999969,1550.0,0.000663858838
2026-07-20 16:02:08.162860,0,43.149999999999686,1550.0,0.000659181736
2026-07-20 16:02:09.409487,0,43.19999999999968,1550.0,0.000653335359
2026-07-20 16:02:10.626917,0,43.24999999999968,1550.0,0.000647781359
2026-07-20 16:02:11.859200,0,43.29999999999968,1550.0,0.000643250416
2026-07-20 16:02:13.082397,0,43.349999999999675,1550.0,0.000637988618
2026-07-20 16:02:14.309145,0,43.39999999999967,1550.0,0.000632434618
2026-07-20 16:02:15.528410,0,43.44999999999967,1550.0,0.000627611415
2026-07-20 16:02:16.761148,0,43.499999999999666,1550.0,0.000622349675
2026-07-20 16:02:17.989328,0,43.54999999999966,1550.0,0.000617234153
2026-07-20 16:02:19.208487,0,43.59999999999966,1550.0,0.000611533877
2026-07-20 16:02:20.427877,0,43.64999999999966,1550.0,0.000606418354
2026-07-20 16:02:21.659848,0,43.699999999999655,1550.0,0.000601302832
2026-07-20 16:02:22.909772,0,43.74999999999965,1550.0,0.000596103724
2026-07-20 16:02:24.133920,0,43.79999999999965,1550.0,0.000591315737
2026-07-20 16:02:25.366461,0,43.849999999999646,1550.0,0.00058638124
2026-07-20 16:02:26.608435,0,43.89999999999964,1550.0,0.000581271073
2026-07-20 16:02:27.860399,0,43.94999999999964,1550.0,0.000575560494
2026-07-20 16:02:29.107035,0,43.99999999999964,1550.0,0.000570479548
2026-07-20 16:02:30.325896,0,44.049999999999635,1550.0,0.000564915419
2026-07-20 16:02:31.545811,0,44.09999999999963,1550.0,0.000559922366
2026-07-20 16:02:32.773194,0,44.14999999999963,1550.0,0.000554753584
2026-07-20 16:02:34.009318,0,44.199999999999626,1550.0,0.000550478057
2026-07-20 16:02:35.230729,0,44.24999999999962,1550.0,0.000545572839
2026-07-20 16:02:36.458379,0,44.29999999999962,1550.0,0.000541048357
2026-07-20 16:02:37.676136,0,44.34999999999962,1550.0,0.000535528176
2026-07-20 16:02:38.908513,0,44.399999999999615,1550.0,0.000529964047
2026-07-20 16:02:40.131208,0,44.44999999999961,1550.0,0.000525102834
2026-07-20 16:02:41.360561,0,44.49999999999961,1550.0,0.000520021887
2026-07-20 16:02:42.582777,0,44.549999999999606,1550.0,0.000515936699
2026-07-20 16:02:43.809746,0,44.5999999999996,1550.0,0.000510665355
2026-07-20 16:02:45.030410,0,44.6499999999996,1550.0,0.000504910946
2026-07-20 16:02:46.264835,0,44.6999999999996,1550.0,0.000500064343
2026-07-20 16:02:47.508925,0,44.749999999999595,1550.0,0.00049558375
2026-07-20 16:02:48.760390,0,44.79999999999959,1550.0,0.000490502862
2026-07-20 16:02:50.007430,0,44.84999999999959,1550.0,0.000485539029
2026-07-20 16:02:51.228444,0,44.89999999999959,1550.0,0.000481234194
2026-07-20 16:02:52.457600,0,44.949999999999584,1550.0,0.000475816516
2026-07-20 16:02:53.708903,0,44.99999999999958,1550.0,0.000472082756
2026-07-20 16:02:54.927801,0,45.04999999999958,1550.0,0.000467192149
2026-07-20 16:02:56.154477,0,45.099999999999575,1550.0,0.000461759861
2026-07-20 16:02:57.408355,0,45.14999999999957,1550.0,0.000456752139
2026-07-20 16:02:58.657718,0,45.19999999999957,1550.0,0.00045189081
2026-07-20 16:02:59.905065,0,45.24999999999957,1550.0,0.000447307772
2026-07-20 16:03:01.124364,0,45.299999999999564,1550.0,0.00044312008
2026-07-20 16:03:02.360209,0,45.34999999999956,1550.0,0.000438317336
2026-07-20 16:03:03.576731,0,45.39999999999956,1550.0,0.000433675683
2026-07-20 16:03:04.811080,0,45.449999999999555,1550.0,0.000429575855
2026-07-20 16:03:06.030352,0,45.49999999999955,1550.0,0.000424861006
2026-07-20 16:03:07.252811,0,45.54999999999955,1550.0,0.000419882563
2026-07-20 16:03:08.479761,0,45.59999999999955,1550.0,0.000415153103
2026-07-20 16:03:09.710312,0,45.649999999999544,1550.0,0.00041033575
2026-07-20 16:03:10.959795,0,45.69999999999954,1550.0,0.00040547445
2026-07-20 16:03:12.207665,0,45.74999999999954,1550.0,0.000401140307
2026-07-20 16:03:13.457449,0,45.799999999999535,1550.0,0.000396981894
2026-07-20 16:03:14.707263,0,45.84999999999953,1550.0,0.000392603775
2026-07-20 16:03:15.936728,0,45.89999999999953,1550.0,0.000388167158
2026-07-20 16:03:17.157248,0,45.94999999999953,1550.0,0.000383642648
2026-07-20 16:03:18.376368,0,45.999999999999524,1550.0,0.000380040612
2026-07-20 16:03:19.608435,0,46.04999999999952,1550.0,0.000375398959
2026-07-20 16:03:20.824490,0,46.09999999999952,1550.0,0.000371094124
2026-07-20 16:03:22.059361,0,46.149999999999515,1550.0,0.000366657507
2026-07-20 16:03:23.306988,0,46.19999999999951,1550.0,0.000362015853
2026-07-20 16:03:24.532015,0,46.24999999999951,1550.0,0.000358018471
2026-07-20 16:03:25.758955,0,46.29999999999951,1550.0,0.000354094314
2026-07-20 16:03:26.976586,0,46.349999999999504,1550.0,0.000349174457
2026-07-20 16:03:28.206607,0,46.3999999999995,1550.0,0.000344796397
2026-07-20 16:03:29.427512,0,46.4499999999995,1550.0,0.000340257218
2026-07-20 16:03:30.647807,0,46.499999999999496,1550.0,0.000336318451
2026-07-20 16:03:31.866503,0,46.54999999999949,1550.0,0.000332569994
2026-07-20 16:03:33.108541,0,46.59999999999949,1550.0,0.000328382273
2026-07-20 16:03:34.322112,0,46.64999999999949,1550.0,0.000324179884
2026-07-20 16:03:35.558754,0,46.699999999999484,1550.0,0.000320431456
2026-07-20 16:03:36.806047,0,46.74999999999948,1550.0,0.000316258374
2026-07-20 16:03:38.055928,0,46.79999999999948,1550.0,0.000312978489
2026-07-20 16:03:39.277156,0,46.849999999999476,1550.0,0.000309317868
2026-07-20 16:03:40.506583,0,46.89999999999947,1550.0,0.000303504843
2026-07-20 16:03:41.738451,0,46.94999999999947,1550.0,0.000299404957
2026-07-20 16:03:42.966071,0,46.99999999999947,1550.0,0.00029480728
2026-07-20 16:03:44.207420,0,47.049999999999464,1550.0,0.000290458498
2026-07-20 16:03:45.456572,0,47.09999999999946,1550.0,0.000286519673
2026-07-20 16:03:46.674164,0,47.14999999999946,1550.0,0.000283386209
2026-07-20 16:03:47.906113,0,47.199999999999456,1550.0,0.000279300963
2026-07-20 16:03:49.121314,0,47.24999999999945,1550.0,0.000275581784
2026-07-20 16:03:50.358227,0,47.29999999999945,1550.0,0.000271657627
2026-07-20 16:03:51.578692,0,47.34999999999945,1550.0,0.000267806696
2026-07-20 16:03:52.806073,0,47.399999999999444,1550.0,0.00026402896
2026-07-20 16:03:54.031080,0,47.44999999999944,1550.0,0.00026301865
2026-07-20 16:03:55.253958,0,47.49999999999944,1550.0,0.000259182329
2026-07-20 16:03:56.479748,0,47.549999999999436,1550.0,0.000254203915
2026-07-20 16:03:57.706974,0,47.59999999999943,1550.0,0.000249518343
2026-07-20 16:03:58.957929,0,47.64999999999943,1550.0,0.000245813833
2026-07-20 16:04:00.203422,0,47.69999999999943,1550.0,0.000240923269
2026-07-20 16:04:01.426567,0,47.749999999999424,1550.0,0.000236618405
2026-07-20 16:04:02.656381,0,47.79999999999942,1550.0,0.000232928505
2026-07-20 16:04:03.877779,0,47.84999999999942,1550.0,0.000229194702
2026-07-20 16:04:05.105707,0,47.899999999999416,1550.0,0.000225665892
2026-07-20 16:04:06.325403,0,47.94999999999941,1550.0,0.00022175636
2026-07-20 16:04:07.545319,0,47.99999999999941,1550.0,0.000217788285
2026-07-20 16:04:08.775033,0,48.04999999999941,1550.0,0.000214215528
2026-07-20 16:04:10.006758,0,48.099999999999405,1550.0,0.00021114065
2026-07-20 16:04:11.255222,0,48.1499999999994,1550.0,0.000207699675
2026-07-20 16:04:12.504506,0,48.1999999999994,1550.0,0.000203965872
2026-07-20 16:04:13.726608,0,48.249999999999396,1550.0,0.000200495633
2026-07-20 16:04:14.957224,0,48.29999999999939,1550.0,0.00019718644
2026-07-20 16:04:16.176209,0,48.34999999999939,1550.0,0.000194257955
2026-07-20 16:04:17.404827,0,48.39999999999939,1550.0,0.000190860927
2026-07-20 16:04:18.626531,0,48.449999999999385,1550.0,0.000187522455
2026-07-20 16:04:19.844883,0,48.49999999999938,1550.0,0.000184315781
2026-07-20 16:04:21.072835,0,48.54999999999938,1550.0,0.000182807591
2026-07-20 16:04:22.305688,0,48.599999999999376,1550.0,0.000181636206
2026-07-20 16:04:23.519316,0,48.64999999999937,1550.0,0.000178473478
2026-07-20 16:04:24.756966,0,48.69999999999937,1550.0,0.000174871428
2026-07-20 16:04:25.977635,0,48.74999999999937,1550.0,0.000170317639
2026-07-20 16:04:27.206520,0,48.799999999999365,1550.0,0.000167462393
2026-07-20 16:04:28.428137,0,48.84999999999936,1550.0,0.000163596778
2026-07-20 16:04:29.659998,0,48.89999999999936,1550.0,0.000158413386
2026-07-20 16:04:30.904576,0,48.949999999999356,1550.0,0.000155016358
2026-07-20 16:04:32.123853,0,48.99999999999935,1550.0,0.000152000008
2026-07-20 16:04:33.346417,0,49.04999999999935,1550.0,0.000148822612
2026-07-20 16:04:34.566274,0,49.09999999999935,1550.0,0.00014599663
2026-07-20 16:04:35.805703,0,49.149999999999345,1550.0,0.000143478144
2026-07-20 16:04:37.027784,0,49.19999999999934,1550.0,0.000140652162
2026-07-20 16:04:38.254446,0,49.24999999999934,1550.0,0.000137694398
2026-07-20 16:04:39.469982,0,49.299999999999336,1550.0,0.000135073424
2026-07-20 16:04:40.704473,0,49.34999999999933,1550.0,0.000132218149
2026-07-20 16:04:41.926880,0,49.39999999999933,1550.0,0.000129977852
2026-07-20 16:04:43.155910,0,49.44999999999933,1550.0,0.000127356863
2026-07-20 16:04:44.377020,0,49.499999999999325,1550.0,0.000124399114
2026-07-20 16:04:45.604022,0,49.54999999999932,1550.0,0.000121909899
2026-07-20 16:04:46.831331,0,49.59999999999932,1550.0,0.000119684257
2026-07-20 16:04:48.049706,0,49.64999999999932,1550.0,0.00011722435
2026-07-20 16:04:49.271565,0,49.699999999999314,1550.0,0.000114720475
2026-07-20 16:04:50.505353,0,49.74999999999931,1550.0,0.000112729125
2026-07-20 16:04:51.755667,0,49.79999999999931,1550.0,0.000110210625
2026-07-20 16:04:53.003949,0,49.849999999999305,1550.0,0.000108775668
2026-07-20 16:04:54.253511,0,49.8999999999993,1550.0,0.000107662847
2026-07-20 16:04:55.503810,0,49.9499999999993,1550.0,0.00010529079
2026-07-20 16:04:56.727980,0,49.9999999999993,1550.0,0.000101117701
2026-07-20 16:04:57.958192,0,50.049999999999294,1550.0,9.90531262e-05
2026-07-20 16:04:59.204978,0,50.09999999999929,1550.0,9.66371299e-05
2026-07-20 16:05:00.450758,0,50.14999999999929,1550.0,9.43675623e-05
2026-07-20 16:05:01.674497,0,50.199999999999285,1550.0,9.1907641e-05
2026-07-20 16:05:02.905570,0,50.24999999999928,1550.0,8.96527126e-05
2026-07-20 16:05:04.124805,0,50.29999999999928,1550.0,8.71488519e-05
2026-07-20 16:05:05.355924,0,50.34999999999928,1550.0,8.49232092e-05
2026-07-20 16:05:06.603047,0,50.399999999999274,1550.0,8.28440025e-05
2026-07-20 16:05:07.824375,0,50.44999999999927,1550.0,8.05012096e-05
2026-07-20 16:05:09.057909,0,50.49999999999927,1550.0,7.86562669e-05
2026-07-20 16:05:10.304539,0,50.549999999999265,1550.0,7.68699028e-05
2026-07-20 16:05:11.554182,0,50.59999999999926,1550.0,7.47906743e-05
2026-07-20 16:05:12.777092,0,50.64999999999926,1550.0,7.31946639e-05
2026-07-20 16:05:14.004231,0,50.69999999999926,1550.0,7.13497211e-05
2026-07-20 16:05:15.252803,0,50.749999999999254,1550.0,6.96658462e-05
2026-07-20 16:05:16.475085,0,50.79999999999925,1550.0,6.77769785e-05
2026-07-20 16:05:17.703639,0,50.84999999999925,1550.0,6.61370286e-05
2026-07-20 16:05:18.926830,0,50.899999999999245,1550.0,6.42774394e-05
2026-07-20 16:05:20.152535,0,50.94999999999924,1550.0,6.25203611e-05
2026-07-20 16:05:21.372616,0,50.99999999999924,1550.0,6.08804112e-05
2026-07-20 16:05:22.603401,0,51.04999999999924,1550.0,5.9431477e-05
2026-07-20 16:05:23.821893,0,51.099999999999234,1550.0,5.77368191e-05
2026-07-20 16:05:25.055507,0,51.14999999999923,1550.0,5.60026492e-05
2026-07-20 16:05:26.275124,0,51.19999999999923,1550.0,5.41733607e-05
2026-07-20 16:05:27.498513,0,51.249999999999226,1550.0,5.25679679e-05
2026-07-20 16:05:28.720351,0,51.29999999999922,1550.0,5.05455064e-05
2026-07-20 16:05:29.956695,0,51.34999999999922,1550.0,4.90996354e-05
2026-07-20 16:05:31.177137,0,51.39999999999922,1550.0,4.75264496e-05
2026-07-20 16:05:32.402969,0,51.449999999999214,1550.0,4.57454444e-05
2026-07-20 16:05:33.622015,0,51.49999999999921,1550.0,4.42117707e-05
2026-07-20 16:05:34.853902,0,51.54999999999921,1550.0,4.29927277e-05
2026-07-20 16:05:36.103082,0,51.599999999999206,1550.0,4.1612715e-05
2026-07-20 16:05:37.321618,0,51.6499999999992,1550.0,4.0190258e-05
2026-07-20 16:05:38.555259,0,51.6999999999992,1550.0,3.88321932e-05
2026-07-20 16:05:39.777075,0,51.7499999999992,1550.0,3.74199772e-05
2026-07-20 16:05:41.005020,0,51.799999999999194,1550.0,3.60472768e-05
2026-07-20 16:05:42.251046,0,51.84999999999919,1550.0,3.46950656e-05
2026-07-20 16:05:43.476459,0,51.89999999999919,1550.0,3.36472513e-05
2026-07-20 16:05:44.703435,0,51.949999999999186,1550.0,3.24047942e-05
2026-07-20 16:05:45.924613,0,51.99999999999918,1550.0,3.10862415e-05
2026-07-20 16:05:47.156498,0,52.04999999999918,1550.0,2.98789109e-05
2026-07-20 16:05:48.402918,0,52.09999999999918,1550.0,2.87125513e-05
2026-07-20 16:05:49.627140,0,52.149999999999174,1550.0,2.75476596e-05
2026-07-20 16:05:50.853242,0,52.19999999999917,1550.0,2.63374022e-05
2026-07-20 16:05:52.084541,0,52.24999999999917,1550.0,2.50744579e-05
2026-07-20 16:05:53.304011,0,52.299999999999166,1550.0,2.39388355e-05
2026-07-20 16:05:54.554524,0,52.34999999999916,1550.0,2.27344299e-05
2026-07-20 16:05:55.775619,0,52.39999999999916,1550.0,2.17407596e-05
2026-07-20 16:05:57.002458,0,52.44999999999916,1550.0,2.07470875e-05
2026-07-20 16:05:58.219862,0,52.499999999999154,1550.0,1.97856116e-05
2026-07-20 16:05:59.453146,0,52.54999999999915,1550.0,1.88007216e-05
2026-07-20 16:06:00.677505,0,52.59999999999915,1550.0,1.77924176e-05
2026-07-20 16:06:01.909245,0,52.649999999999146,1550.0,1.68499664e-05
2026-07-20 16:06:03.124920,0,52.69999999999914,1550.0,1.59953233e-05
2026-07-20 16:06:04.354303,0,52.74999999999914,1550.0,1.50967762e-05
2026-07-20 16:06:05.576979,0,52.79999999999914,1550.0,1.42055433e-05
2026-07-20 16:06:06.804662,0,52.849999999999135,1550.0,1.33377271e-05
2026-07-20 16:06:08.021292,0,52.89999999999913,1550.0,1.24845465e-05
2026-07-20 16:06:09.251321,0,52.94999999999913,1550.0,1.16957563e-05
2026-07-20 16:06:10.502033,0,52.999999999999126,1550.0,1.09259909e-05
2026-07-20 16:06:11.721052,0,53.04999999999912,1550.0,1.02981785e-05
2026-07-20 16:06:12.954676,0,53.09999999999912,1550.0,9.54158259e-06
2026-07-20 16:06:14.174536,0,53.14999999999912,1550.0,8.72498731e-06
2026-07-20 16:06:15.401434,0,53.199999999999115,1550.0,8.10741949e-06
2026-07-20 16:06:16.624879,0,53.24999999999911,1550.0,7.46497244e-06
2026-07-20 16:06:17.851775,0,53.29999999999911,1550.0,6.8839895e-06
2026-07-20 16:06:19.070627,0,53.349999999999106,1550.0,6.29861597e-06
2026-07-20 16:06:20.292254,0,53.3999999999991,1550.0,5.69255644e-06
2026-07-20 16:06:21.516790,0,53.4499999999991,1550.0,5.19345258e-06
2026-07-20 16:06:22.754361,0,53.4999999999991,1550.0,4.72695046e-06
2026-07-20 16:06:24.001590,0,53.549999999999095,1550.0,4.24670588e-06
2026-07-20 16:06:25.250355,0,53.59999999999909,1550.0,3.9380925e-06
2026-07-20 16:06:26.500129,0,53.64999999999909,1550.0,3.48796402e-06
2026-07-20 16:06:27.722698,0,53.699999999999086,1550.0,2.91707988e-06
2026-07-20 16:06:28.956873,0,53.74999999999908,1550.0,2.54414113e-06
2026-07-20 16:06:30.182557,0,53.79999999999908,1550.0,2.21871505e-06
2026-07-20 16:06:31.407603,0,53.84999999999908,1550.0,1.92252787e-06
2026-07-20 16:06:32.651494,0,53.899999999999075,1550.0,1.63525851e-06
2026-07-20 16:06:33.876643,0,53.94999999999907,1550.0,1.3817596e-06
2026-07-20 16:06:35.100752,0,53.99999999999907,1550.0,1.15135902e-06
2026-07-20 16:06:36.323707,0,54.049999999999066,1550.0,9.49173966e-07
2026-07-20 16:06:37.553777,0,54.09999999999906,1550.0,7.89385012e-07
2026-07-20 16:06:38.773007,0,54.14999999999906,1550.0,6.44069019e-07
2026-07-20 16:06:40.001346,0,54.19999999999906,1550.0,5.05039395e-07
2026-07-20 16:06:41.251038,0,54.249999999999055,1550.0,4.35012794e-07
2026-07-20 16:06:42.473856,0,54.29999999999905,1550.0,3.73904072e-07
2026-07-20 16:06:43.696783,0,54.34999999999905,1550.0,3.55337562e-07
2026-07-20 16:06:44.914011,0,54.39999999999905,1550.0,3.5606854e-07
2026-07-20 16:06:46.154031,0,54.449999999999044,1550.0,3.83260414e-07
2026-07-20 16:06:47.402131,0,54.49999999999904,1550.0,4.26387459e-07
2026-07-20 16:06:48.623499,0,54.54999999999904,1550.0,5.33693253e-07
2026-07-20 16:06:49.852214,0,54.599999999999035,1550.0,6.47577622e-07
2026-07-20 16:06:51.099300,0,54.64999999999903,1550.0,7.83098585e-07
2026-07-20 16:06:52.314741,0,54.69999999999903,1550.0,9.66424864e-07
2026-07-20 16:06:53.553727,0,54.74999999999903,1550.0,1.17021807e-06
2026-07-20 16:06:54.777278,0,54.799999999999024,1550.0,1.40924396e-06
2026-07-20 16:06:55.999411,0,54.84999999999902,1550.0,1.67092946e-06
2026-07-20 16:06:57.220665,0,54.89999999999902,1550.0,1.96740916e-06
2026-07-20 16:06:58.451178,0,54.949999999999015,1550.0,2.28187059e-06
2026-07-20 16:06:59.673020,0,54.99999999999901,1550.0,2.62703247e-06
2026-07-20 16:07:00.903456,0,55.04999999999901,1550.0,2.99631665e-06
2026-07-20 16:07:02.152955,0,55.09999999999901,1550.0,3.40024803e-06
2026-07-20 16:07:03.399622,0,55.149999999999004,1550.0,3.86572719e-06
2026-07-20 16:07:04.649644,0,55.199999999999,1550.0,4.36029813e-06
2026-07-20 16:07:05.868711,0,55.249999999999,1550.0,4.88513206e-06
2026-07-20 16:07:07.105327,0,55.299999999998995,1550.0,5.34914898e-06
2026-07-20 16:07:08.350021,0,55.34999999999899,1550.0,5.86886563e-06
2026-07-20 16:07:09.601407,0,55.39999999999899,1550.0,6.56203338e-06
2026-07-20 16:07:10.824508,0,55.44999999999899,1550.0,7.15911438e-06
2026-07-20 16:07:12.049973,0,55.499999999998984,1550.0,7.78400135e-06
2026-07-20 16:07:13.300200,0,55.54999999999898,1550.0,8.50986271e-06
2026-07-20 16:07:14.552678,0,55.59999999999898,1550.0,9.19767626e-06
2026-07-20 16:07:15.798960,0,55.649999999998975,1550.0,9.88402644e-06
2026-07-20 16:07:17.049297,0,55.69999999999897,1550.0,1.06391581e-05
2026-07-20 16:07:18.300509,0,55.74999999999897,1550.0,1.1545023e-05
2026-07-20 16:07:19.533740,0,55.79999999999897,1550.0,1.23864966e-05
2026-07-20 16:07:20.765385,0,55.849999999998964,1550.0,1.3290899e-05
2026-07-20 16:07:22.000541,0,55.89999999999896,1550.0,1.43123762e-05
2026-07-20 16:07:23.222205,0,55.94999999999896,1550.0,1.52299472e-05
2026-07-20 16:07:24.450423,0,55.999999999998956,1550.0,1.62441047e-05
2026-07-20 16:07:25.699602,0,56.04999999999895,1550.0,1.72289947e-05
2026-07-20 16:07:26.916912,0,56.09999999999895,1550.0,1.82475451e-05
2026-07-20 16:07:28.152273,0,56.14999999999895,1550.0,1.94943896e-05
2026-07-20 16:07:29.399277,0,56.199999999998944,1550.0,2.05304987e-05
2026-07-20 16:07:30.638058,0,56.24999999999894,1550.0,2.1710026e-05
2026-07-20 16:07:31.861598,0,56.29999999999894,1550.0,2.27695509e-05
2026-07-20 16:07:33.099736,0,56.349999999998936,1550.0,2.40500576e-05
2026-07-20 16:07:34.314977,0,56.39999999999893,1550.0,2.54476327e-05
2026-07-20 16:07:35.552507,0,56.44999999999893,1550.0,2.66827701e-05
2026-07-20 16:07:36.767714,0,56.49999999999893,1550.0,2.80364475e-05
2026-07-20 16:07:37.999865,0,56.549999999998924,1550.0,2.94442707e-05
2026-07-20 16:07:39.249574,0,56.59999999999892,1550.0,3.07481896e-05
2026-07-20 16:07:40.500648,0,56.64999999999892,1550.0,3.22218657e-05
2026-07-20 16:07:41.727763,0,56.699999999998916,1550.0,3.3582859e-05
2026-07-20 16:07:42.949206,0,56.74999999999891,1550.0,3.51867784e-05
2026-07-20 16:07:44.199715,0,56.79999999999891,1550.0,3.67628963e-05
2026-07-20 16:07:45.448241,0,56.84999999999891,1550.0,3.8254133e-05
2026-07-20 16:07:46.665989,0,56.899999999998904,1550.0,3.98931807e-05
2026-07-20 16:07:47.903024,0,56.9499999999989,1550.0,4.19697899e-05
2026-07-20 16:07:49.152752,0,56.9999999999989,1550.0,4.34668837e-05
2026-07-20 16:07:50.372865,0,57.049999999998896,1550.0,4.50751941e-05
2026-07-20 16:07:51.601722,0,57.09999999999889,1550.0,4.67186328e-05
2026-07-20 16:07:52.814383,0,57.14999999999889,1550.0,4.87908546e-05
2026-07-20 16:07:54.030560,0,57.19999999999889,1550.0,5.03230694e-05
2026-07-20 16:07:55.252671,0,57.249999999998884,1550.0,5.20030844e-05
2026-07-20 16:07:56.499065,0,57.29999999999888,1550.0,5.37270098e-05
2026-07-20 16:07:57.720699,0,57.34999999999888,1550.0,5.54992293e-05
2026-07-20 16:07:58.951758,0,57.399999999998876,1550.0,5.7815847e-05
2026-07-20 16:08:00.171683,0,57.44999999999887,1550.0,5.97636717e-05
2026-07-20 16:08:01.401320,0,57.49999999999887,1550.0,6.15783356e-05
2026-07-20 16:08:02.649144,0,57.54999999999887,1550.0,6.36344557e-05
2026-07-20 16:08:03.899686,0,57.599999999998865,1550.0,6.56245466e-05
2026-07-20 16:08:05.115623,0,57.64999999999886,1550.0,6.77330536e-05
2026-07-20 16:08:06.350900,0,57.69999999999886,1550.0,6.96365605e-05
2026-07-20 16:08:07.576666,0,57.749999999998856,1550.0,7.15400747e-05
2026-07-20 16:08:08.804331,0,57.79999999999885,1550.0,7.37803566e-05
2026-07-20 16:08:10.023703,0,57.84999999999885,1550.0,7.58302849e-05
2026-07-20 16:08:11.248328,0,57.89999999999885,1550.0,7.85977027e-05
2026-07-20 16:08:12.468109,0,57.949999999998845,1550.0,8.04133597e-05
2026-07-20 16:08:13.703932,0,57.99999999999884,1550.0,8.20679488e-05
2026-07-20 16:08:14.951568,0,58.04999999999884,1550.0,8.48060808e-05
2026-07-20 16:08:16.172959,0,58.099999999998836,1550.0,8.70317235e-05
2026-07-20 16:08:17.397874,0,58.14999999999883,1550.0,8.89938019e-05
2026-07-20 16:08:18.647754,0,58.19999999999883,1550.0,9.13805125e-05
2026-07-20 16:08:19.876030,0,58.24999999999883,1550.0,9.36647193e-05
2026-07-20 16:08:21.104514,0,58.299999999998825,1550.0,9.59782265e-05
2026-07-20 16:08:22.349449,0,58.34999999999882,1550.0,9.84235085e-05
2026-07-20 16:08:23.570869,0,58.39999999999882,1550.0,0.000100561287
2026-07-20 16:08:24.805445,0,58.449999999998816,1550.0,0.000102933358
2026-07-20 16:08:26.050068,0,58.49999999999881,1550.0,0.000105437204
2026-07-20 16:08:27.270119,0,58.54999999999881,1550.0,0.000107926411
2026-07-20 16:08:28.497168,0,58.59999999999881,1550.0,0.000110313129
2026-07-20 16:08:29.748808,0,58.649999999998805,1550.0,0.000112846261
2026-07-20 16:08:30.967742,0,58.6999999999988,1550.0,0.000115335475
2026-07-20 16:08:32.188051,0,58.7499999999988,1550.0,0.000117605028
2026-07-20 16:08:33.407527,0,58.799999999998796,1550.0,0.000120255325
2026-07-20 16:08:34.648379,0,58.84999999999879,1550.0,0.000122568817
2026-07-20 16:08:35.897195,0,58.89999999999879,1550.0,0.000125116567
2026-07-20 16:08:37.116904,0,58.94999999999879,1550.0,0.000127766863
2026-07-20 16:08:38.350208,0,58.999999999998785,1550.0,0.000130343906
2026-07-20 16:08:39.597503,0,59.04999999999878,1550.0,0.000132803849
2026-07-20 16:08:40.846139,0,59.09999999999878,1550.0,0.000135761598
2026-07-20 16:08:42.071937,0,59.149999999998776,1550.0,0.00013841188
2026-07-20 16:08:43.301680,0,59.199999999998774,1550.0,0.000141091426
2026-07-20 16:08:44.548555,0,59.24999999999877,1550.0,0.000143873491
2026-07-20 16:08:45.796647,0,59.29999999999877,1550.0,0.000146567691
2026-07-20 16:08:47.020632,0,59.349999999998765,1550.0,0.000149452244
2026-07-20 16:08:48.250573,0,59.39999999999876,1550.0,0.00015195609
2026-07-20 16:08:49.497069,0,59.44999999999876,1550.0,0.000154767433
2026-07-20 16:08:50.723356,0,59.49999999999876,1550.0,0.000157490911
2026-07-20 16:08:51.949447,0,59.549999999998754,1550.0,0.000160639029
2026-07-20 16:08:53.170395,0,59.59999999999875,1550.0,0.000163640711
2026-07-20 16:08:54.387295,0,59.64999999999875,1550.0,0.000166203128
2026-07-20 16:08:55.608289,0,59.699999999998745,1550.0,0.000169336607
2026-07-20 16:08:56.822085,0,59.74999999999874,1550.0,0.0001718844
2026-07-20 16:08:58.049218,0,59.79999999999874,1550.0,0.000175032503
2026-07-20 16:08:59.270778,0,59.84999999999874,1550.0,0.000178107395
2026-07-20 16:09:00.496976,0,59.899999999998734,1550.0,0.00018105052
2026-07-20 16:09:01.715982,0,59.94999999999873,1550.0,0.000184169345
2026-07-20 16:09:02.951751,0,59.99999999999873,1550.0,0.000187068552
2026-07-20 16:09:04.196793,0,60.049999999998725,1550.0,0.000190011677
2026-07-20 16:09:05.446779,0,60.09999999999872,1550.0,0.000192823019
2026-07-20 16:09:06.668292,0,60.14999999999872,1550.0,0.000196249326
2026-07-20 16:09:07.888207,0,60.19999999999872,1550.0,0.000199514572
2026-07-20 16:09:09.108336,0,60.249999999998714,1550.0,0.000203014104
2026-07-20 16:09:10.349606,0,60.29999999999871,1550.0,0.000206074357
2026-07-20 16:09:11.596755,0,60.34999999999871,1550.0,0.000208929632
2026-07-20 16:09:12.814682,0,60.399999999998705,1550.0,0.000212004554
2026-07-20 16:09:14.048820,0,60.4499999999987,1550.0,0.000215650492
2026-07-20 16:09:15.294275,0,60.4999999999987,1550.0,0.000218769317
2026-07-20 16:09:16.517881,0,60.5499999999987,1550.0,0.000222107788
2026-07-20 16:09:17.748980,0,60.599999999998694,1550.0,0.000225548749
2026-07-20 16:09:18.967504,0,60.64999999999869,1550.0,0.00022888722
2026-07-20 16:09:20.189746,0,60.69999999999869,1550.0,0.000232489227
2026-07-20 16:09:21.415954,0,60.749999999998685,1550.0,0.00023595948
2026-07-20 16:09:22.647130,0,60.79999999999868,1550.0,0.000239297951
2026-07-20 16:09:23.870690,0,60.84999999999868,1550.0,0.000243017115
2026-07-20 16:09:25.103647,0,60.89999999999868,1550.0,0.000246707001
2026-07-20 16:09:26.346778,0,60.949999999998674,1550.0,0.000250221172
2026-07-20 16:09:27.594157,0,60.99999999999867,1550.0,0.000253588922
2026-07-20 16:09:28.813912,0,61.04999999999867,1550.0,0.000257190957
2026-07-20 16:09:30.048343,0,61.099999999998666,1550.0,0.000260719768
2026-07-20 16:09:31.276946,0,61.14999999999866,1550.0,0.000264731789
2026-07-20 16:09:32.498114,0,61.19999999999866,1550.0,0.000268480246
2026-07-20 16:09:33.747259,0,61.24999999999866,1550.0,0.00027159907
2026-07-20 16:09:34.969387,0,61.299999999998654,1550.0,0.000275391474
2026-07-20 16:09:36.196416,0,61.34999999999865,1550.0,0.000278934924
2026-07-20 16:09:37.445243,0,61.39999999999865,1550.0,0.000282566238
2026-07-20 16:09:38.665481,0,61.449999999998646,1550.0,0.000286592898
2026-07-20 16:09:39.895630,0,61.49999999999864,1550.0,0.000290458498
2026-07-20 16:09:41.111924,0,61.54999999999864,1550.0,0.000294763333
2026-07-20 16:09:42.348806,0,61.59999999999864,1550.0,0.000298526429
2026-07-20 16:09:43.571441,0,61.649999999998634,1550.0,0.00030255309
2026-07-20 16:09:44.804741,0,61.69999999999863,1550.0,0.000306667614
2026-07-20 16:09:46.047961,0,61.74999999999863,1550.0,0.000310694246
2026-07-20 16:09:47.292552,0,61.799999999998626,1550.0,0.000314369507
2026-07-20 16:09:48.514406,0,61.84999999999862,1550.0,0.000318601145
2026-07-20 16:09:49.749370,0,61.89999999999862,1550.0,0.00032255461
2026-07-20 16:09:50.993273,0,61.94999999999862,1550.0,0.000326830195
2026-07-20 16:09:52.214898,0,61.999999999998614,1550.0,0.000331149669
2026-07-20 16:09:53.446132,0,62.04999999999861,1550.0,0.000333668169
2026-07-20 16:09:54.666309,0,62.09999999999861,1550.0,0.000337548408
2026-07-20 16:09:55.892651,0,62.149999999998606,1550.0,0.000343624997
2026-07-20 16:09:57.120138,0,62.1999999999986,1550.0,0.000348134869
2026-07-20 16:09:58.348364,0,62.2499999999986,1550.0,0.000352351868
2026-07-20 16:09:59.564652,0,62.2999999999986,1550.0,0.000357095996
2026-07-20 16:10:00.804530,0,62.349999999998595,1550.0,0.000361532671
2026-07-20 16:10:02.048258,0,62.39999999999859,1550.0,0.000365866785
2026-07-20 16:10:03.295191,0,62.44999999999859,1550.0,0.000370405935
2026-07-20 16:10:04.518625,0,62.499999999998586,1550.0,0.000374491152
2026-07-20 16:10:05.748090,0,62.54999999999858,1550.0,0.000379206031
2026-07-20 16:10:06.970679,0,62.59999999999858,1550.0,0.000384067273
2026-07-20 16:10:08.197460,0,62.64999999999858,1550.0,0.000388752873
2026-07-20 16:10:09.445939,0,62.699999999998575,1550.0,0.00039335055
2026-07-20 16:10:10.668096,0,62.74999999999857,1550.0,0.000398094737
2026-07-20 16:10:11.895228,0,62.79999999999857,1550.0,0.000402326346
2026-07-20 16:10:13.114614,0,62.849999999998566,1550.0,0.000406616571
2026-07-20 16:10:14.347693,0,62.89999999999856,1550.0,0.000411272864
2026-07-20 16:10:15.567677,0,62.94999999999856,1550.0,0.00041537272
2026-07-20 16:10:16.794629,0,62.99999999999856,1550.0,0.000420395052
2026-07-20 16:10:18.013426,0,63.049999999998555,1550.0,0.00042562242
2026-07-20 16:10:19.244792,0,63.09999999999855,1550.0,0.000430190848
2026-07-20 16:10:20.468026,0,63.14999999999855,1550.0,0.000435139955
2026-07-20 16:10:21.694098,0,63.199999999998546,1550.0,0.000439737632
2026-07-20 16:10:22.946999,0,63.24999999999854,1550.0,0.00044464285
2026-07-20 16:10:24.165672,0,63.29999999999854,1550.0,0.000449709129
2026-07-20 16:10:25.406802,0,63.34999999999854,1550.0,0.000454614317
2026-07-20 16:10:26.645150,0,63.399999999998535,1550.0,0.000460105191
2026-07-20 16:10:27.865359,0,63.44999999999853,1550.0,0.000465376506
2026-07-20 16:10:29.094428,0,63.49999999999853,1550.0,0.000469388469
2026-07-20 16:10:30.314337,0,63.549999999998526,1550.0,0.00047523086
2026-07-20 16:10:31.546962,0,63.59999999999852,1550.0,0.000479960319
2026-07-20 16:10:32.768015,0,63.64999999999852,1550.0,0.000484587363
2026-07-20 16:10:33.989729,0,63.69999999999852,1550.0,0.000489873171
2026-07-20 16:10:35.215532,0,63.749999999998515,1550.0,0.000494309876
2026-07-20 16:10:36.444735,0,63.79999999999851,1550.0,0.000499493268
2026-07-20 16:10:37.666140,0,63.84999999999851,1550.0,0.000504632713
2026-07-20 16:10:38.893737,0,63.899999999998506,1550.0,0.000509655103
2026-07-20 16:10:40.107376,0,63.949999999998504,1550.0,0.000514926331
2026-07-20 16:10:41.347918,0,63.9999999999985,1550.0,0.000519919442
2026-07-20 16:10:42.594645,0,64.0499999999985,1550.0,0.000524795381
2026-07-20 16:10:43.814553,0,64.0999999999985,1550.0,0.000530007936
2026-07-20 16:10:45.045913,0,64.1499999999985,1550.0,0.000535147439
2026-07-20 16:10:46.264202,0,64.1999999999985,1550.0,0.000540242996
2026-07-20 16:10:47.498037,0,64.2499999999985,1550.0,0.00054551434
2026-07-20 16:10:48.746861,0,64.29999999999849,1550.0,0.000551049132
2026-07-20 16:10:49.991958,0,64.34999999999849,1550.0,0.000556159299
2026-07-20 16:10:51.211007,0,64.39999999999849,1550.0,0.000559805252
2026-07-20 16:10:52.444816,0,64.44999999999848,1550.0,0.000565296155
2026-07-20 16:10:53.692323,0,64.49999999999848,1550.0,0.000568195363
2026-07-20 16:10:54.916444,0,64.54999999999848,1550.0,0.000568488264
2026-07-20 16:10:56.146038,0,64.59999999999847,1550.0,0.000573071302
2026-07-20 16:10:57.373321,0,64.64999999999847,1550.0,0.000591096119
2026-07-20 16:10:58.596192,0,64.69999999999847,1550.0,0.000595898775
2026-07-20 16:10:59.813651,0,64.74999999999847,1550.0,0.000603132183
2026-07-20 16:11:01.046543,0,64.79999999999846,1550.0,0.000609399052
2026-07-20 16:11:02.293680,0,64.84999999999846,1550.0,0.000615138852
2026-07-20 16:11:03.518090,0,64.89999999999846,1550.0,0.000622152525
2026-07-20 16:11:04.746742,0,64.94999999999845,1550.0,0.000628112059
2026-07-20 16:11:05.961398,0,64.99999999999845,1550.0,0.000633983698
2026-07-20 16:11:07.193976,0,65.04999999999845,1550.0,0.000640587357
2026-07-20 16:11:08.417479,0,65.09999999999845,1550.0,0.000646371162
2026-07-20 16:11:09.645692,0,65.14999999999844,1550.0,0.000652896881
2026-07-20 16:11:10.867714,0,65.19999999999844,1550.0,0.000658158562
2026-07-20 16:11:12.093728,0,65.24999999999844,1550.0,0.000665174215
2026-07-20 16:11:13.314562,0,65.29999999999843,1550.0,0.000671312911
2026-07-20 16:11:14.546547,0,65.34999999999843,1550.0,0.00067745155
2026-07-20 16:11:15.793717,0,65.39999999999843,1550.0,0.000683444145
2026-07-20 16:11:17.014185,0,65.44999999999843,1550.0,0.000688851927
2026-07-20 16:11:18.243499,0,65.49999999999842,1550.0,0.000694406044
2026-07-20 16:11:19.468302,0,65.54999999999842,1550.0,0.00070156774
2026-07-20 16:11:20.693842,0,65.59999999999842,1550.0,0.000706683379
2026-07-20 16:11:21.942931,0,65.64999999999841,1550.0,0.000712968176
2026-07-20 16:11:23.170614,0,65.69999999999841,1550.0,0.000719253032
2026-07-20 16:11:24.391030,0,65.74999999999841,1550.0,0.000726414786
2026-07-20 16:11:25.611192,0,65.7999999999984,1550.0,0.000733284338
2026-07-20 16:11:26.844265,0,65.8499999999984,1550.0,0.000739422976
2026-07-20 16:11:28.062543,0,65.8999999999984,1550.0,0.000747753948
2026-07-20 16:11:29.292843,0,65.9499999999984,1550.0,0.000753161788
2026-07-20 16:11:30.515641,0,65.9999999999984,1550.0,0.000759154384
2026-07-20 16:11:31.745464,0,66.04999999999839,1550.0,0.000766900892
2026-07-20 16:11:32.965513,0,66.09999999999839,1550.0,0.000772601052
2026-07-20 16:11:34.193672,0,66.14999999999839,1550.0,0.000777862675
2026-07-20 16:11:35.442258,0,66.19999999999838,1550.0,0.000784001488
2026-07-20 16:11:36.673939,0,66.24999999999838,1550.0,0.00078955543
2026-07-20 16:11:37.896122,0,66.29999999999838,1550.0,0.00079730188
2026-07-20 16:11:39.146477,0,66.34999999999837,1550.0,0.000802417519
2026-07-20 16:11:40.364764,0,66.39999999999837,1550.0,0.000808994635
2026-07-20 16:11:41.592227,0,66.44999999999837,1550.0,0.000815279433
2026-07-20 16:11:42.814936,0,66.49999999999837,1550.0,0.000822295027
2026-07-20 16:11:44.044033,0,66.54999999999836,1550.0,0.000830041477
2026-07-20 16:11:45.264297,0,66.59999999999836,1550.0,0.000835449377
2026-07-20 16:11:46.493091,0,66.64999999999836,1550.0,0.00084188045
2026-07-20 16:11:47.744897,0,66.69999999999835,1550.0,0.000848311291
2026-07-20 16:11:48.964463,0,66.74999999999835,1550.0,0.000854450103
2026-07-20 16:11:50.178091,0,66.79999999999835,1550.0,0.000861173437
2026-07-20 16:11:51.407858,0,66.84999999999835,1550.0,0.000868481235
2026-07-20 16:11:52.642609,0,66.89999999999834,1550.0,0.000874181569
2026-07-20 16:11:53.866342,0,66.94999999999834,1550.0,0.000881781802
2026-07-20 16:11:55.095512,0,66.99999999999834,1550.0,0.000886751222
2026-07-20 16:11:56.314895,0,67.04999999999833,1550.0,0.000892597367
2026-07-20 16:11:57.544407,0,67.09999999999833,1550.0,0.00089873618
2026-07-20 16:11:58.792860,0,67.14999999999833,1550.0,0.000904582557
2026-07-20 16:12:00.017153,0,67.19999999999833,1550.0,0.000908528804
2026-07-20 16:12:01.241450,0,67.24999999999832,1550.0,0.000916859775
2026-07-20 16:12:02.465437,0,67.29999999999832,1550.0,0.000924460008
2026-07-20 16:12:03.696966,0,67.34999999999832,1550.0,0.000931183342
2026-07-20 16:12:04.943096,0,67.39999999999831,1550.0,0.000937029719
2026-07-20 16:12:06.162922,0,67.44999999999831,1550.0,0.000944191474
2026-07-20 16:12:07.396718,0,67.49999999999831,1550.0,0.000949307112
2026-07-20 16:12:08.641407,0,67.5499999999983,1550.0,0.00095544575
2026-07-20 16:12:09.892691,0,67.5999999999983,1550.0,0.000962315302
2026-07-20 16:12:11.113582,0,67.6499999999983,1550.0,0.000969330838
2026-07-20 16:12:12.344070,0,67.6999999999983,1550.0,0.000976346608
2026-07-20 16:12:13.568629,0,67.7499999999983,1550.0,0.00098350842
2026-07-20 16:12:14.792355,0,67.79999999999829,1550.0,0.000989793218
2026-07-20 16:12:16.045190,0,67.84999999999829,1550.0,0.000997100957
2026-07-20 16:12:17.291417,0,67.89999999999829,1550.0,0.00100309355
2026-07-20 16:12:18.540661,0,67.94999999999828,1550.0,0.00100981689
2026-07-20 16:12:19.793578,0,67.99999999999828,1550.0,0.00101741718
2026-07-20 16:12:21.016325,0,68.04999999999828,1550.0,0.0010226788
2026-07-20 16:12:22.245481,0,68.09999999999827,1550.0,0.00102910993
2026-07-20 16:12:23.469244,0,68.14999999999827,1550.0,0.00103597937
2026-07-20 16:12:24.691360,0,68.19999999999827,1550.0,0.00104387186
2026-07-20 16:12:25.915006,0,68.24999999999827,1550.0,0.00104942604
2026-07-20 16:12:27.143122,0,68.29999999999826,1550.0,0.00105644157
2026-07-20 16:12:28.388870,0,68.34999999999826,1550.0,0.00106243417
2026-07-20 16:12:29.610412,0,68.39999999999826,1550.0,0.00106842653
2026-07-20 16:12:30.840703,0,68.44999999999825,1550.0,0.00107427291
2026-07-20 16:12:32.059849,0,68.49999999999825,1550.0,0.00108114246
2026-07-20 16:12:33.291769,0,68.54999999999825,1550.0,0.00108728104
2026-07-20 16:12:34.540922,0,68.59999999999825,1550.0,0.0010959045
2026-07-20 16:12:35.767660,0,68.64999999999824,1550.0,0.00110145856
2026-07-20 16:12:36.989975,0,68.69999999999824,1550.0,0.00110862043
2026-07-20 16:12:38.237496,0,68.74999999999824,1550.0,0.00111519743
2026-07-20 16:12:39.498681,0,68.79999999999824,1550.0,0.00112294394
2026-07-20 16:12:40.742317,0,68.84999999999823,1550.0,0.00113010569
2026-07-20 16:12:41.991429,0,68.89999999999823,1550.0,0.00113697525
2026-07-20 16:12:43.212660,0,68.94999999999823,1550.0,0.00114355236
2026-07-20 16:12:44.440862,0,68.99999999999822,1550.0,0.00114954496
2026-07-20 16:12:45.667751,0,69.04999999999822,1550.0,0.00115656049
2026-07-20 16:12:46.898583,0,69.09999999999822,1550.0,0.00116328383
2026-07-20 16:12:48.141886,0,69.14999999999822,1550.0,0.00117132254
2026-07-20 16:12:49.364712,0,69.19999999999821,1550.0,0.00117746112
2026-07-20 16:12:50.589749,0,69.24999999999821,1550.0,0.00118374592
2026-07-20 16:12:51.805268,0,69.2999999999982,1550.0,0.00119105401
2026-07-20 16:12:53.041776,0,69.3499999999982,1550.0,0.00119806954
2026-07-20 16:12:54.264557,0,69.3999999999982,1550.0,0.00120479276
2026-07-20 16:12:55.490576,0,69.4499999999982,1550.0,0.00121180853
2026-07-20 16:12:56.715467,0,69.4999999999982,1550.0,0.0012189704
2026-07-20 16:12:57.941881,0,69.54999999999819,1550.0,0.00122773985
2026-07-20 16:12:59.171557,0,69.59999999999819,1550.0,0.00123387866
2026-07-20 16:13:00.395338,0,69.64999999999819,1550.0,0.00124001724
2026-07-20 16:13:01.640195,0,69.69999999999818,1550.0,0.00124849437
2026-07-20 16:13:02.888804,0,69.74999999999818,1550.0,0.00125477929
2026-07-20 16:13:04.112342,0,69.79999999999818,1550.0,0.00126062566
2026-07-20 16:13:05.343680,0,69.84999999999818,1550.0,0.0012691028
2026-07-20 16:13:06.590594,0,69.89999999999817,1550.0,0.00127582613
2026-07-20 16:13:07.803550,0,69.94999999999817,1550.0,0.0012831341
2026-07-20 16:13:09.041410,0,69.99999999999817,1550.0,0.00129073439
2026-07-20 16:13:10.267514,0,70.04999999999816,1550.0,0.0012987731
2026-07-20 16:13:11.497475,0,70.09999999999816,1550.0,0.00130622718
2026-07-20 16:13:12.741691,0,70.14999999999816,1550.0,0.00131251197
2026-07-20 16:13:13.989142,0,70.19999999999816,1550.0,0.00132055068
2026-07-20 16:13:15.205038,0,70.24999999999815,1550.0,0.00132800487
2026-07-20 16:13:16.440277,0,70.29999999999815,1550.0,0.00133531273
2026-07-20 16:13:17.663202,0,70.34999999999815,1550.0,0.00134291302
2026-07-20 16:13:18.892615,0,70.39999999999814,1550.0,0.00135139038
2026-07-20 16:13:20.139910,0,70.44999999999814,1550.0,0.0013579675
2026-07-20 16:13:21.361737,0,70.49999999999814,1550.0,0.00136483705
2026-07-20 16:13:22.587533,0,70.54999999999814,1550.0,0.0013738987
2026-07-20 16:13:23.837504,0,70.59999999999813,1550.0,0.00138003752
2026-07-20 16:13:25.061795,0,70.64999999999813,1550.0,0.00138924539
2026-07-20 16:13:26.292188,0,70.69999999999813,1550.0,0.00139479956
2026-07-20 16:13:27.512740,0,70.74999999999812,1550.0,0.00140342291
2026-07-20 16:13:28.740852,0,70.79999999999812,1550.0,0.00141116919
2026-07-20 16:13:29.989848,0,70.84999999999812,1550.0,0.00141716178
2026-07-20 16:13:31.239173,0,70.89999999999812,1550.0,0.00142490829
2026-07-20 16:13:32.458016,0,70.94999999999811,1550.0,0.00143236236
2026-07-20 16:13:33.682435,0,70.99999999999811,1550.0,0.00144098571
2026-07-20 16:13:34.903022,0,71.04999999999811,1550.0,0.001448586
2026-07-20 16:13:36.143774,0,71.0999999999981,1550.0,0.00145560154
2026-07-20 16:13:37.387377,0,71.1499999999981,1550.0,0.00146451721
2026-07-20 16:13:38.604061,0,71.1999999999981,1550.0,0.00147153297
2026-07-20 16:13:39.838657,0,71.2499999999981,1550.0,0.00148117938
2026-07-20 16:13:41.061287,0,71.2999999999981,1550.0,0.00148892589
2026-07-20 16:13:42.294029,0,71.34999999999809,1550.0,0.00149608764
2026-07-20 16:13:43.541260,0,71.39999999999809,1550.0,0.00150251866
2026-07-20 16:13:44.760834,0,71.44999999999808,1550.0,0.00151026493
2026-07-20 16:13:45.989260,0,71.49999999999808,1550.0,0.0015206422
2026-07-20 16:13:47.207600,0,71.54999999999808,1550.0,0.0015283887
2026-07-20 16:13:48.440032,0,71.59999999999808,1550.0,0.00153467362
2026-07-20 16:13:49.686571,0,71.64999999999807,1550.0,0.0015437355
2026-07-20 16:13:50.907214,0,71.69999999999807,1550.0,0.00155060482
2026-07-20 16:13:52.140932,0,71.74999999999807,1550.0,0.00155586668
2026-07-20 16:13:53.387982,0,71.79999999999806,1550.0,0.00156375917
2026-07-20 16:13:54.637058,0,71.84999999999806,1550.0,0.0015719441
2026-07-20 16:13:55.855694,0,71.89999999999806,1550.0,0.00157998281
2026-07-20 16:13:57.082115,0,71.94999999999806,1550.0,0.0015890447
2026-07-20 16:13:58.304596,0,71.99999999999805,1550.0,0.00159722951
2026-07-20 16:13:59.541421,0,72.04999999999805,1550.0,0.00160439126
2026-07-20 16:14:00.755856,0,72.09999999999805,1550.0,0.00161257619
2026-07-20 16:14:01.987785,0,72.14999999999804,1550.0,0.00161959196
2026-07-20 16:14:03.209731,0,72.19999999999804,1550.0,0.00162675371
2026-07-20 16:14:04.438884,0,72.24999999999804,1550.0,0.00163406157
2026-07-20 16:14:05.658005,0,72.29999999999804,1550.0,0.00164458505
2026-07-20 16:14:06.889209,0,72.34999999999803,1550.0,0.00165189314
2026-07-20 16:14:08.105914,0,72.39999999999803,1550.0,0.00166066247
2026-07-20 16:14:09.340686,0,72.44999999999803,1550.0,0.00166753202
2026-07-20 16:14:10.559598,0,72.49999999999802,1550.0,0.00167381694
2026-07-20 16:14:11.783766,0,72.54999999999802,1550.0,0.00168375578
2026-07-20 16:14:12.998143,0,72.59999999999802,1550.0,0.00169077131
2026-07-20 16:14:14.238660,0,72.64999999999802,1550.0,0.00169807929
2026-07-20 16:14:15.487850,0,72.69999999999801,1550.0,0.00170480262
2026-07-20 16:14:16.704468,0,72.74999999999801,1550.0,0.00171269511
2026-07-20 16:14:17.942138,0,72.79999999999801,1550.0,0.00172321859
2026-07-20 16:14:19.188344,0,72.849999999998,1550.0,0.00173067267
2026-07-20 16:14:20.408086,0,72.899999999998,1550.0,0.00174075749
2026-07-20 16:14:21.637387,0,72.949999999998,1550.0,0.00174952717
2026-07-20 16:14:22.859758,0,72.999999999998,1550.0,0.0017577121
2026-07-20 16:14:24.076877,0,73.049999999998,1550.0,0.00176648155
2026-07-20 16:14:25.304145,0,73.09999999999799,1550.0,0.00177349709
2026-07-20 16:14:26.539846,0,73.14999999999799,1550.0,0.00177992822
2026-07-20 16:14:27.787457,0,73.19999999999798,1550.0,0.00178811315
2026-07-20 16:14:29.009608,0,73.24999999999798,1550.0,0.00179761345
2026-07-20 16:14:30.237891,0,73.29999999999798,1550.0,0.0018076984
2026-07-20 16:14:31.458024,0,73.34999999999798,1550.0,0.00181515259
2026-07-20 16:14:32.688248,0,73.39999999999797,1550.0,0.00182304508
2026-07-20 16:14:33.907323,0,73.44999999999797,1550.0,0.00183035305
2026-07-20 16:14:35.139983,0,73.49999999999797,1550.0,0.00184058421
2026-07-20 16:14:36.365411,0,73.54999999999797,1550.0,0.00185081526
2026-07-20 16:14:37.595475,0,73.59999999999796,1550.0,0.00185636932
2026-07-20 16:14:38.835741,0,73.64999999999796,1550.0,0.00186586974
2026-07-20 16:14:40.054886,0,73.69999999999796,1550.0,0.00187361601
2026-07-20 16:14:41.287406,0,73.74999999999795,1550.0,0.00188282412
2026-07-20 16:14:42.508135,0,73.79999999999795,1550.0,0.00189086283
2026-07-20 16:14:43.739393,0,73.84999999999795,1550.0,0.00189860933
2026-07-20 16:14:44.957906,0,73.89999999999795,1550.0,0.00190986332
2026-07-20 16:14:46.187285,0,73.94999999999794,1550.0,0.00191673287
2026-07-20 16:14:47.408237,0,73.99999999999794,1550.0,0.00192433316
2026-07-20 16:14:48.637012,0,74.04999999999794,1550.0,0.00193281041
2026-07-20 16:14:49.864072,0,74.09999999999793,1550.0,0.00194041058
2026-07-20 16:14:51.091539,0,74.14999999999793,1550.0,0.00195005722
2026-07-20 16:14:52.304407,0,74.19999999999793,1550.0,0.00195853435
2026-07-20 16:14:53.539908,0,74.24999999999793,1550.0,0.00196774234
2026-07-20 16:14:54.786864,0,74.29999999999792,1550.0,0.00197607349
2026-07-20 16:14:56.005081,0,74.34999999999792,1550.0,0.00198528147
2026-07-20 16:14:57.236461,0,74.39999999999792,1550.0,0.00199361262
2026-07-20 16:14:58.458173,0,74.44999999999791,1550.0,0.00200062804
2026-07-20 16:14:59.687035,0,74.49999999999791,1550.0,0.00201012846
2026-07-20 16:15:00.940070,0,74.54999999999791,1550.0,0.00202152878
2026-07-20 16:15:02.164012,0,74.5999999999979,1550.0,0.00202839822
2026-07-20 16:15:03.394355,0,74.6499999999979,1550.0,0.0020370218
2026-07-20 16:15:04.636914,0,74.6999999999979,1550.0,0.00204432965
2026-07-20 16:15:05.886891,0,74.7499999999979,1550.0,0.00205441448
2026-07-20 16:15:07.110311,0,74.7999999999979,1550.0,0.00206157635
2026-07-20 16:15:08.338500,0,74.84999999999789,1550.0,0.00207107677
2026-07-20 16:15:09.556737,0,74.89999999999789,1550.0,0.00207896926
2026-07-20 16:15:10.787631,0,74.94999999999789,1550.0,0.00208744663
2026-07-20 16:15:12.038497,0,74.99999999999788,1550.0,0.00209416985
2026-07-20 16:15:13.263435,0,75.04999999999788,1550.0,0.00210264721
2026-07-20 16:15:14.483537,0,75.09999999999788,1550.0,0.00211039349
2026-07-20 16:15:15.706389,0,75.14999999999787,1550.0,0.00211887062
2026-07-20 16:15:16.939225,0,75.19999999999787,1550.0,0.00212764018
2026-07-20 16:15:18.185917,0,75.24999999999787,1550.0,0.00213655597
2026-07-20 16:15:19.436245,0,75.29999999999787,1550.0,0.00214605639
2026-07-20 16:15:20.658020,0,75.34999999999786,1550.0,0.00215482572
2026-07-20 16:15:21.888765,0,75.39999999999786,1550.0,0.00216228003
2026-07-20 16:15:23.137512,0,75.44999999999786,1550.0,0.00217046472
2026-07-20 16:15:24.356643,0,75.49999999999785,1550.0,0.00217894209
2026-07-20 16:15:25.581529,0,75.54999999999785,1550.0,0.00218624994
2026-07-20 16:15:26.805329,0,75.59999999999785,1550.0,0.002196335
2026-07-20 16:15:28.038145,0,75.64999999999785,1550.0,0.00220408128
2026-07-20 16:15:29.255010,0,75.69999999999784,1550.0,0.002211974
2026-07-20 16:15:30.485703,0,75.74999999999784,1550.0,0.00221752794
2026-07-20 16:15:31.708782,0,75.79999999999784,1550.0,0.00222512824
2026-07-20 16:15:32.938318,0,75.84999999999783,1550.0,0.00223404402
2026-07-20 16:15:34.159601,0,75.89999999999783,1550.0,0.00224120566
2026-07-20 16:15:35.386643,0,75.94999999999783,1550.0,0.00224851351
2026-07-20 16:15:36.635902,0,75.99999999999783,1550.0,0.00225567538
2026-07-20 16:15:37.862176,0,76.04999999999782,1550.0,0.00226400653
2026-07-20 16:15:39.087235,0,76.09999999999782,1550.0,0.00227277586
2026-07-20 16:15:40.303290,0,76.14999999999782,1550.0,0.00227964553
2026-07-20 16:15:41.538667,0,76.19999999999781,1550.0,0.00228826888
2026-07-20 16:15:42.758240,0,76.24999999999781,1550.0,0.00229499233
2026-07-20 16:15:43.987924,0,76.29999999999781,1550.0,0.00230493117
2026-07-20 16:15:45.208665,0,76.3499999999978,1550.0,0.00231092353
2026-07-20 16:15:46.434865,0,76.3999999999978,1550.0,0.0023199853
2026-07-20 16:15:47.657926,0,76.4499999999978,1550.0,0.00232700096
2026-07-20 16:15:48.887914,0,76.4999999999978,1550.0,0.00233474746
2026-07-20 16:15:50.108423,0,76.5499999999978,1550.0,0.00234512473
2026-07-20 16:15:51.337829,0,76.59999999999779,1550.0,0.00235199416
2026-07-20 16:15:52.559491,0,76.64999999999779,1550.0,0.00236003287
2026-07-20 16:15:53.790155,0,76.69999999999779,1550.0,0.00236734073
2026-07-20 16:15:55.037215,0,76.74999999999778,1550.0,0.00237552566
2026-07-20 16:15:56.282914,0,76.79999999999778,1550.0,0.00238517229
2026-07-20 16:15:57.505815,0,76.84999999999778,1550.0,0.00239277259
2026-07-20 16:15:58.737366,0,76.89999999999777,1550.0,0.00240139593
2026-07-20 16:15:59.960121,0,76.94999999999777,1550.0,0.00240782672
2026-07-20 16:16:01.184929,0,76.99999999999777,1550.0,0.00241411175
2026-07-20 16:16:02.408336,0,77.04999999999777,1550.0,0.00242375815
2026-07-20 16:16:03.634472,0,77.09999999999776,1550.0,0.00243121223
2026-07-20 16:16:04.867395,0,77.14999999999776,1550.0,0.00243808189
2026-07-20 16:16:06.093722,0,77.19999999999776,1550.0,0.00244436669
2026-07-20 16:16:07.337426,0,77.24999999999775,1550.0,0.00245357445
2026-07-20 16:16:08.559011,0,77.29999999999775,1550.0,0.00246292865
2026-07-20 16:16:09.784358,0,77.34999999999775,1550.0,0.00246906746
2026-07-20 16:16:11.034461,0,77.39999999999775,1550.0,0.00247549824
2026-07-20 16:16:12.253492,0,77.44999999999774,1550.0,0.00248397561
2026-07-20 16:16:13.485528,0,77.49999999999774,1550.0,0.00249406067
2026-07-20 16:16:14.706234,0,77.54999999999774,1550.0,0.00249976083
2026-07-20 16:16:15.937217,0,77.59999999999773,1550.0,0.00250926102
2026-07-20 16:16:17.157603,0,77.64999999999773,1550.0,0.00251671509
2026-07-20 16:16:18.386506,0,77.69999999999773,1550.0,0.00252519245
2026-07-20 16:16:19.607168,0,77.74999999999773,1550.0,0.0025316237
2026-07-20 16:16:20.834976,0,77.79999999999772,1550.0,0.00254170853
2026-07-20 16:16:22.047326,0,77.84999999999772,1550.0,0.00254799309
2026-07-20 16:16:23.284152,0,77.89999999999772,1550.0,0.00255559362
2026-07-20 16:16:24.503831,0,77.94999999999771,1550.0,0.00256538601
2026-07-20 16:16:25.736308,0,77.99999999999771,1550.0,0.00257371739
2026-07-20 16:16:26.958108,0,78.04999999999771,1550.0,0.00257751718
2026-07-20 16:16:28.185062,0,78.0999999999977,1550.0,0.00258687162
2026-07-20 16:16:29.408102,0,78.1499999999977,1550.0,0.00259651779
2026-07-20 16:16:30.633915,0,78.1999999999977,1550.0,0.00260484894
2026-07-20 16:16:31.854958,0,78.2499999999977,1550.0,0.00261069532
2026-07-20 16:16:33.077764,0,78.2999999999977,1550.0,0.00261975732
2026-07-20 16:16:34.305694,0,78.34999999999769,1550.0,0.00262764981
2026-07-20 16:16:35.539373,0,78.39999999999769,1550.0,0.00263612717
2026-07-20 16:16:36.755001,0,78.44999999999769,1550.0,0.00264036562
2026-07-20 16:16:37.983880,0,78.49999999999768,1550.0,0.0026522046
2026-07-20 16:16:39.208696,0,78.54999999999768,1550.0,0.00266141258
2026-07-20 16:16:40.438021,0,78.59999999999768,1550.0,0.00266930507
2026-07-20 16:16:41.658210,0,78.64999999999768,1550.0,0.00267778244
2026-07-20 16:16:42.885050,0,78.69999999999767,1550.0,0.00268523651
2026-07-20 16:16:44.102804,0,78.74999999999767,1550.0,0.00269429851
2026-07-20 16:16:45.335859,0,78.79999999999767,1550.0,0.00270292186
2026-07-20 16:16:46.558917,0,78.84999999999766,1550.0,0.00271139876
2026-07-20 16:16:47.791513,0,78.89999999999766,1550.0,0.0027194377
2026-07-20 16:16:49.035806,0,78.94999999999766,1550.0,0.00272718421
2026-07-20 16:16:50.283369,0,78.99999999999766,1550.0,0.0027350767
2026-07-20 16:16:51.505230,0,79.04999999999765,1550.0,0.00274238479
2026-07-20 16:16:52.736116,0,79.09999999999765,1550.0,0.00275056972
2026-07-20 16:16:53.982160,0,79.14999999999765,1550.0,0.00275977771
2026-07-20 16:16:55.207669,0,79.19999999999764,1550.0,0.00276854704
2026-07-20 16:16:56.433464,0,79.24999999999764,1550.0,0.00277877832
2026-07-20 16:16:57.649404,0,79.29999999999764,1550.0,0.00278564752
2026-07-20 16:16:58.872263,0,79.34999999999764,1550.0,0.00279310183
2026-07-20 16:17:00.088093,0,79.39999999999763,1550.0,0.00280026346
2026-07-20 16:17:01.304451,0,79.44999999999763,1550.0,0.00280947145
2026-07-20 16:17:02.535512,0,79.49999999999763,1550.0,0.00281531783
2026-07-20 16:17:03.782017,0,79.54999999999762,1550.0,0.00282379496
2026-07-20 16:17:05.034505,0,79.59999999999762,1550.0,0.0028337338
2026-07-20 16:17:06.253530,0,79.64999999999762,1550.0,0.00284338067
2026-07-20 16:17:07.484194,0,79.69999999999762,1550.0,0.00285112672
2026-07-20 16:17:08.706557,0,79.74999999999761,1550.0,0.00285945809
2026-07-20 16:17:09.935550,0,79.79999999999761,1550.0,0.00286384276
2026-07-20 16:17:11.157124,0,79.8499999999976,1550.0,0.00287027378
2026-07-20 16:17:12.374313,0,79.8999999999976,1550.0,0.00287714298
2026-07-20 16:17:13.599159,0,79.9499999999976,1550.0,0.0028863512
2026-07-20 16:17:14.833676,0,79.9999999999976,1550.0,0.00289585162
2026-07-20 16:17:16.080572,0,80.0499999999976,1550.0,0.00290754437
2026-07-20 16:17:17.304662,0,80.09999999999759,1550.0,0.00291397492
2026-07-20 16:17:18.535089,0,80.14999999999759,1550.0,0.00292172143
2026-07-20 16:17:19.754563,0,80.19999999999759,1550.0,0.00293195271
2026-07-20 16:17:20.983500,0,80.24999999999758,1550.0,0.00294437609
2026-07-20 16:17:22.230419,0,80.29999999999758,1550.0,0.00295168394
2026-07-20 16:17:23.446379,0,80.34999999999758,1550.0,0.00296162278
2026-07-20 16:17:24.685408,0,80.39999999999758,1550.0,0.00296849245
2026-07-20 16:17:25.932590,0,80.44999999999757,1550.0,0.00297580031
2026-07-20 16:17:27.182664,0,80.49999999999757,1550.0,0.00298486231
2026-07-20 16:17:28.430972,0,80.54999999999757,1550.0,0.00299231638
2026-07-20 16:17:29.656382,0,80.59999999999756,1550.0,0.00299582398
2026-07-20 16:17:30.885823,0,80.64999999999756,1550.0,0.00300605549
2026-07-20 16:17:32.132596,0,80.69999999999756,1550.0,0.00301336334
2026-07-20 16:17:33.361935,0,80.74999999999756,1550.0,0.00302359415
2026-07-20 16:17:34.587452,0,80.79999999999755,1550.0,0.00303119468
2026-07-20 16:17:35.834832,0,80.84999999999755,1550.0,0.0030366024
2026-07-20 16:17:37.081997,0,80.89999999999755,1550.0,0.00304449489
2026-07-20 16:17:38.304276,0,80.94999999999754,1550.0,0.00305458019
2026-07-20 16:17:39.534883,0,80.99999999999754,1550.0,0.00306261866
2026-07-20 16:17:40.783070,0,81.04999999999754,1550.0,0.003073873
2026-07-20 16:17:42.006262,0,81.09999999999754,1550.0,0.00308132684
2026-07-20 16:17:43.232216,0,81.14999999999753,1550.0,0.00308571174
2026-07-20 16:17:44.453431,0,81.19999999999753,1550.0,0.00309711229
2026-07-20 16:17:45.675524,0,81.24999999999753,1550.0,0.0031086586
2026-07-20 16:17:46.896716,0,81.29999999999752,1550.0,0.00311406679
2026-07-20 16:17:48.134350,0,81.34999999999752,1550.0,0.00312195928
2026-07-20 16:17:49.354417,0,81.39999999999752,1550.0,0.00312999822
2026-07-20 16:17:50.582791,0,81.44999999999752,1550.0,0.00313979061
2026-07-20 16:17:51.805283,0,81.49999999999751,1550.0,0.0031489986
2026-07-20 16:17:53.033233,0,81.54999999999751,1550.0,0.00315499119
2026-07-20 16:17:54.282662,0,81.59999999999751,1550.0,0.00316858408
2026-07-20 16:17:55.499569,0,81.6499999999975,1550.0,0.00317296898
2026-07-20 16:17:56.733904,0,81.6999999999975,1550.0,0.00318261515
2026-07-20 16:17:57.958131,0,81.7499999999975,1550.0,0.00319196912
2026-07-20 16:17:59.178132,0,81.7999999999975,1550.0,0.00319650024
2026-07-20 16:18:00.396541,0,81.8499999999975,1550.0,0.00320234639
2026-07-20 16:18:01.631339,0,81.89999999999749,1550.0,0.00321301632
2026-07-20 16:18:02.881622,0,81.94999999999749,1550.0,0.00322353956
2026-07-20 16:18:04.134632,0,81.99999999999748,1550.0,0.00322967814
2026-07-20 16:18:05.381955,0,82.04999999999748,1550.0,0.00324210175
2026-07-20 16:18:06.631326,0,82.09999999999748,1550.0,0.00324809435
2026-07-20 16:18:07.863499,0,82.14999999999748,1550.0,0.00325715635
2026-07-20 16:18:09.087826,0,82.19999999999747,1550.0,0.00326519483
2026-07-20 16:18:10.305584,0,82.24999999999747,1550.0,0.00327133341
2026-07-20 16:18:11.534017,0,82.29999999999747,1550.0,0.0032820031
2026-07-20 16:18:12.781544,0,82.34999999999746,1550.0,0.00329062669
2026-07-20 16:18:14.032300,0,82.39999999999746,1550.0,0.00330085796
2026-07-20 16:18:15.251210,0,82.44999999999746,1550.0,0.00330889644
2026-07-20 16:18:16.481982,0,82.49999999999746,1550.0,0.00331445062
2026-07-20 16:18:17.705252,0,82.54999999999745,1550.0,0.00332731265
2026-07-20 16:18:18.934774,0,82.59999999999745,1550.0,0.00333213597
2026-07-20 16:18:20.162458,0,82.64999999999745,1550.0,0.00334134372
2026-07-20 16:18:21.383019,0,82.69999999999744,1550.0,0.0033474823
2026-07-20 16:18:22.628341,0,82.74999999999744,1550.0,0.00335449795
2026-07-20 16:18:23.853121,0,82.79999999999744,1550.0,0.00336239045
2026-07-20 16:18:25.082071,0,82.84999999999744,1550.0,0.00337145245
2026-07-20 16:18:26.301903,0,82.89999999999743,1550.0,0.00337905274
2026-07-20 16:18:27.533307,0,82.94999999999743,1550.0,0.00338869914
2026-07-20 16:18:28.781894,0,82.99999999999743,1550.0,0.00339615322
2026-07-20 16:18:29.998470,0,83.04999999999742,1550.0,0.0034044846
2026-07-20 16:18:31.230099,0,83.09999999999742,1550.0,0.00341223064
2026-07-20 16:18:32.454103,0,83.14999999999742,1550.0,0.00341983116
2026-07-20 16:18:33.675794,0,83.19999999999742,1550.0,0.00342801609
2026-07-20 16:18:34.903206,0,83.24999999999741,1550.0,0.00343985483
2026-07-20 16:18:36.133538,0,83.29999999999741,1550.0,0.00344803976
2026-07-20 16:18:37.355731,0,83.34999999999741,1550.0,0.00345373992
2026-07-20 16:18:38.579846,0,83.3999999999974,1550.0,0.0034598785
2026-07-20 16:18:39.803656,0,83.4499999999974,1550.0,0.00346733304
2026-07-20 16:18:41.031716,0,83.4999999999974,1550.0,0.00347317918
2026-07-20 16:18:42.252813,0,83.5499999999974,1550.0,0.00348004862
2026-07-20 16:18:43.482564,0,83.5999999999974,1550.0,0.00348954904
2026-07-20 16:18:44.705387,0,83.64999999999739,1550.0,0.00349890301
2026-07-20 16:18:45.937935,0,83.69999999999739,1550.0,0.00350548001
2026-07-20 16:18:47.157976,0,83.74999999999739,1550.0,0.00351614971
2026-07-20 16:18:48.376152,0,83.79999999999738,1550.0,0.00352184987
2026-07-20 16:18:49.630040,0,83.84999999999738,1550.0,0.00353135029
2026-07-20 16:18:50.880035,0,83.89999999999738,1550.0,0.00353705045
2026-07-20 16:18:52.131982,0,83.94999999999737,1550.0,0.00354421232
2026-07-20 16:18:53.354645,0,83.99999999999737,1550.0,0.00354962004
2026-07-20 16:18:54.581447,0,84.04999999999737,1550.0,0.00355897448
2026-07-20 16:18:55.805071,0,84.09999999999737,1550.0,0.00356979016
2026-07-20 16:18:57.032004,0,84.14999999999736,1550.0,0.00357914413
2026-07-20 16:18:58.263229,0,84.19999999999736,1550.0,0.00358309038
2026-07-20 16:18:59.489655,0,84.24999999999736,1550.0,0.0035920064
2026-07-20 16:19:00.733280,0,84.29999999999735,1550.0,0.00359829143
2026-07-20 16:19:01.980316,0,84.34999999999735,1550.0,0.00360340672
2026-07-20 16:19:03.229803,0,84.39999999999735,1550.0,0.00361305312
2026-07-20 16:19:04.480574,0,84.44999999999735,1550.0,0.00361802289
2026-07-20 16:19:05.704524,0,84.49999999999734,1550.0,0.0036251843
2026-07-20 16:19:06.932036,0,84.54999999999734,1550.0,0.00363161508
2026-07-20 16:19:08.160948,0,84.59999999999734,1550.0,0.0036367306
2026-07-20 16:19:09.387154,0,84.64999999999733,1550.0,0.00365046971
2026-07-20 16:19:10.630496,0,84.69999999999733,1550.0,0.00365353934
2026-07-20 16:19:11.851120,0,84.74999999999733,1550.0,0.00366099295
2026-07-20 16:19:13.080250,0,84.79999999999733,1550.0,0.00366742443
2026-07-20 16:19:14.330000,0,84.84999999999732,1550.0,0.00367487804
2026-07-20 16:19:15.580768,0,84.89999999999732,1550.0,0.00368423248
2026-07-20 16:19:16.804683,0,84.94999999999732,1550.0,0.00369007909
2026-07-20 16:19:18.034600,0,84.99999999999731,1550.0,0.00369504862
2026-07-20 16:19:19.257178,0,85.04999999999731,1550.0,0.00369987148
2026-07-20 16:19:20.473408,0,85.09999999999731,1550.0,0.0037087868
2026-07-20 16:19:21.691949,0,85.1499999999973,1550.0,0.00371697219
2026-07-20 16:19:22.932465,0,85.1999999999973,1550.0,0.00371916429
2026-07-20 16:19:24.179699,0,85.2499999999973,1550.0,0.00373144238
2026-07-20 16:19:25.428145,0,85.2999999999973,1550.0,0.00373670389
2026-07-20 16:19:26.653999,0,85.3499999999973,1550.0,0.00374284247
2026-07-20 16:19:27.879830,0,85.39999999999729,1550.0,0.00375044206
2026-07-20 16:19:29.132295,0,85.44999999999729,1550.0,0.00375219597
2026-07-20 16:19:30.356519,0,85.49999999999729,1550.0,0.00375935854
2026-07-20 16:19:31.576381,0,85.54999999999728,1550.0,0.00376608106
2026-07-20 16:19:32.826552,0,85.59999999999728,1550.0,0.00377075863
2026-07-20 16:19:34.078613,0,85.64999999999728,1550.0,0.00378332799
2026-07-20 16:19:35.328423,0,85.69999999999727,1550.0,0.00379195134
2026-07-20 16:19:36.579104,0,85.74999999999727,1550.0,0.00379619002
2026-07-20 16:19:37.826552,0,85.79999999999727,1550.0,0.00380072091
2026-07-20 16:19:39.044931,0,85.84999999999727,1550.0,0.00380627532
2026-07-20 16:19:40.267921,0,85.89999999999726,1550.0,0.00381431379
2026-07-20 16:19:41.488666,0,85.94999999999726,1550.0,0.00381957553
2026-07-20 16:19:42.731779,0,85.99999999999726,1550.0,0.00382542214
2026-07-20 16:19:43.978963,0,86.04999999999725,1550.0,0.00383141474
2026-07-20 16:19:45.200153,0,86.09999999999725,1550.0,0.00383784529
2026-07-20 16:19:46.429009,0,86.14999999999725,1550.0,0.00384617667
2026-07-20 16:19:47.679283,0,86.19999999999725,1550.0,0.00385275343
2026-07-20 16:19:48.930603,0,86.24999999999724,1550.0,0.003857431
2026-07-20 16:19:50.146754,0,86.29999999999724,1550.0,0.0038634236
2026-07-20 16:19:51.365225,0,86.34999999999724,1550.0,0.00387248513
2026-07-20 16:19:52.595346,0,86.39999999999723,1550.0,0.00387643185
2026-07-20 16:19:53.828973,0,86.44999999999723,1550.0,0.00388315436
2026-07-20 16:19:55.046524,0,86.49999999999723,1550.0,0.00388841704
2026-07-20 16:19:56.278331,0,86.54999999999723,1550.0,0.00389630953
2026-07-20 16:19:57.493038,0,86.59999999999722,1550.0,0.00390113215
2026-07-20 16:19:58.730218,0,86.64999999999722,1550.0,0.00390844047
2026-07-20 16:19:59.979066,0,86.69999999999722,1550.0,0.00391531037
2026-07-20 16:20:01.197840,0,86.74999999999721,1550.0,0.00392290996
2026-07-20 16:20:02.428371,0,86.79999999999721,1550.0,0.00392744131
2026-07-20 16:20:03.653513,0,86.84999999999721,1550.0,0.00393226417
2026-07-20 16:20:04.872844,0,86.8999999999972,1550.0,0.00393957272
2026-07-20 16:20:06.096945,0,86.9499999999972,1550.0,0.00394541817
2026-07-20 16:20:07.331022,0,86.9999999999972,1550.0,0.00395214185
2026-07-20 16:20:08.552600,0,87.0499999999972,1550.0,0.00395608833
2026-07-20 16:20:09.784198,0,87.0999999999972,1550.0,0.00396441901
2026-07-20 16:20:11.029388,0,87.14999999999719,1550.0,0.00396997342
2026-07-20 16:20:12.278781,0,87.19999999999719,1550.0,0.00397581933
2026-07-20 16:20:13.528157,0,87.24999999999719,1550.0,0.00398064312
2026-07-20 16:20:14.747131,0,87.29999999999718,1550.0,0.00399204297
2026-07-20 16:20:15.966602,0,87.34999999999718,1550.0,0.00399730494
2026-07-20 16:20:17.187548,0,87.39999999999718,1550.0,0.00400256645
2026-07-20 16:20:18.427266,0,87.44999999999717,1550.0,0.00400855904
2026-07-20 16:20:19.677687,0,87.49999999999717,1550.0,0.00401615957
2026-07-20 16:20:20.895641,0,87.54999999999717,1550.0,0.00402054423
2026-07-20 16:20:22.132664,0,87.59999999999717,1550.0,0.00402697502
2026-07-20 16:20:23.350455,0,87.64999999999716,1550.0,0.00403355248
2026-07-20 16:20:24.577843,0,87.69999999999716,1550.0,0.00404319866
2026-07-20 16:20:25.827164,0,87.74999999999716,1550.0,0.00404480658
2026-07-20 16:20:27.044012,0,87.79999999999715,1550.0,0.00405386835
2026-07-20 16:20:28.267615,0,87.84999999999715,1550.0,0.00406073779
2026-07-20 16:20:29.485336,0,87.89999999999715,1550.0,0.00406585354
2026-07-20 16:20:30.729225,0,87.94999999999715,1550.0,0.00407272298
2026-07-20 16:20:31.948236,0,87.99999999999714,1550.0,0.0040781307
2026-07-20 16:20:33.176879,0,88.04999999999714,1550.0,0.0040841233
2026-07-20 16:20:34.395482,0,88.09999999999714,1550.0,0.00409055455
2026-07-20 16:20:35.626972,0,88.14999999999714,1550.0,0.0040956703
2026-07-20 16:20:36.841731,0,88.19999999999713,1550.0,0.00410137
2026-07-20 16:20:38.077375,0,88.24999999999713,1550.0,0.00410648575
2026-07-20 16:20:39.328910,0,88.29999999999713,1550.0,0.00411686301
2026-07-20 16:20:40.546964,0,88.34999999999712,1550.0,0.00412256364
2026-07-20 16:20:41.777019,0,88.39999999999712,1550.0,0.00412957929
2026-07-20 16:20:42.997624,0,88.44999999999712,1550.0,0.00413513277
2026-07-20 16:20:44.228643,0,88.49999999999712,1550.0,0.00413527898
2026-07-20 16:20:45.447142,0,88.54999999999711,1550.0,0.00413951743
2026-07-20 16:20:46.676075,0,88.59999999999711,1550.0,0.00414887164
2026-07-20 16:20:47.898145,0,88.6499999999971,1550.0,0.00415427936
2026-07-20 16:20:49.129701,0,88.6999999999971,1550.0,0.00416377978
2026-07-20 16:20:50.376941,0,88.7499999999971,1550.0,0.00416699564
2026-07-20 16:20:51.598646,0,88.7999999999971,1550.0,0.00417401129
2026-07-20 16:20:52.826048,0,88.8499999999971,1550.0,0.00417722715
2026-07-20 16:20:54.059083,0,88.89999999999709,1550.0,0.00418321881
2026-07-20 16:20:55.286057,0,88.94999999999709,1550.0,0.00418789638
2026-07-20 16:20:56.528991,0,88.99999999999709,1550.0,0.00419330411
2026-07-20 16:20:57.747182,0,89.04999999999708,1550.0,0.00420295028
2026-07-20 16:20:58.976568,0,89.09999999999708,1550.0,0.00420499733
2026-07-20 16:21:00.225815,0,89.14999999999708,1550.0,0.00420865091
2026-07-20 16:21:01.445155,0,89.19999999999708,1550.0,0.00421522744
2026-07-20 16:21:02.676902,0,89.24999999999707,1550.0,0.00421932014
2026-07-20 16:21:03.897622,0,89.29999999999707,1550.0,0.00422355905
2026-07-20 16:21:05.128830,0,89.34999999999707,1550.0,0.00422984362
2026-07-20 16:21:06.356298,0,89.39999999999706,1550.0,0.0042346674
2026-07-20 16:21:07.580894,0,89.44999999999706,1550.0,0.00424066
2026-07-20 16:21:08.826635,0,89.49999999999706,1550.0,0.0042437287
2026-07-20 16:21:10.075980,0,89.54999999999706,1550.0,0.00425176788
2026-07-20 16:21:11.328677,0,89.59999999999705,1550.0,0.00425849063
2026-07-20 16:21:12.541505,0,89.64999999999705,1550.0,0.00426477613
2026-07-20 16:21:13.776733,0,89.69999999999705,1550.0,0.00427091494
2026-07-20 16:21:14.997502,0,89.74999999999704,1550.0,0.00427412987
2026-07-20 16:21:16.225811,0,89.79999999999704,1550.0,0.00427778438
2026-07-20 16:21:17.448561,0,89.84999999999704,1550.0,0.00428143796
2026-07-20 16:21:18.677415,0,89.89999999999704,1550.0,0.00428669993
2026-07-20 16:21:19.928832,0,89.94999999999703,1550.0,0.00429269252
2026-07-20 16:21:21.149650,0,89.99999999999703,1550.0,0.00429839222
2026-07-20 16:21:22.375629,0,90.04999999999703,1550.0,0.00430438481
2026-07-20 16:21:23.590778,0,90.09999999999702,1550.0,0.00431154622
2026-07-20 16:21:24.825194,0,90.14999999999702,1550.0,0.00431593182
2026-07-20 16:21:26.048772,0,90.19999999999702,1550.0,0.00432207016
2026-07-20 16:21:27.276493,0,90.24999999999702,1550.0,0.00432484737
2026-07-20 16:21:28.499745,0,90.29999999999701,1550.0,0.00432908582
2026-07-20 16:21:29.727952,0,90.34999999999701,1550.0,0.00433449354
2026-07-20 16:21:30.948766,0,90.39999999999701,1550.0,0.00433917018
2026-07-20 16:21:32.174923,0,90.449999999997,1550.0,0.00434604008
2026-07-20 16:21:33.425758,0,90.499999999997,1550.0,0.00434984034
2026-07-20 16:21:34.644582,0,90.549999999997,1550.0,0.00435174024
2026-07-20 16:21:35.875416,0,90.599999999997,1550.0,0.00435641734
2026-07-20 16:21:37.127698,0,90.649999999997,1550.0,0.00436167885
2026-07-20 16:21:38.345120,0,90.69999999999699,1550.0,0.00436664838
2026-07-20 16:21:39.575921,0,90.74999999999699,1550.0,0.00437147217
2026-07-20 16:21:40.791177,0,90.79999999999698,1550.0,0.00437965663
2026-07-20 16:21:42.026922,0,90.84999999999698,1550.0,0.004388134
2026-07-20 16:21:43.254266,0,90.89999999999698,1550.0,0.00438988814
2026-07-20 16:21:44.479315,0,90.94999999999698,1550.0,0.00438974192
2026-07-20 16:21:45.727715,0,90.99999999999697,1550.0,0.00439558784
2026-07-20 16:21:46.947899,0,91.04999999999697,1550.0,0.00440421095
2026-07-20 16:21:48.176409,0,91.09999999999697,1550.0,0.00440844987
2026-07-20 16:21:49.395437,0,91.14999999999696,1550.0,0.00441239635
2026-07-20 16:21:50.624052,0,91.19999999999696,1550.0,0.00441707298
2026-07-20 16:21:51.844249,0,91.24999999999696,1550.0,0.00441955822
2026-07-20 16:21:53.075107,0,91.29999999999696,1550.0,0.00442628143
2026-07-20 16:21:54.326972,0,91.34999999999695,1550.0,0.00442788936
2026-07-20 16:21:55.546912,0,91.39999999999695,1550.0,0.0044303732
2026-07-20 16:21:56.767289,0,91.44999999999695,1550.0,0.0044366587
2026-07-20 16:21:57.995273,0,91.49999999999694,1550.0,0.00444177445
2026-07-20 16:21:59.224690,0,91.54999999999694,1550.0,0.00444469741
2026-07-20 16:22:00.448256,0,91.59999999999694,1550.0,0.00445215171
2026-07-20 16:22:01.674293,0,91.64999999999694,1550.0,0.00445507467
2026-07-20 16:22:02.896788,0,91.69999999999693,1550.0,0.00445960555
2026-07-20 16:22:04.127478,0,91.74999999999693,1550.0,0.00446545193
2026-07-20 16:22:05.375103,0,91.79999999999693,1550.0,0.00446545193
2026-07-20 16:22:06.623705,0,91.84999999999692,1550.0,0.00446837489
2026-07-20 16:22:07.843765,0,91.89999999999692,1550.0,0.00447056768
2026-07-20 16:22:09.066820,0,91.94999999999692,1550.0,0.00447670603
2026-07-20 16:22:10.289984,0,91.99999999999692,1550.0,0.00448854547
2026-07-20 16:22:11.526580,0,92.04999999999691,1550.0,0.00448854547
2026-07-20 16:22:12.744445,0,92.09999999999691,1550.0,0.00449044537
2026-07-20 16:22:13.973631,0,92.14999999999691,1550.0,0.00449585309
2026-07-20 16:22:15.189676,0,92.1999999999969,1550.0,0.00449804496
2026-07-20 16:22:16.423836,0,92.2499999999969,1550.0,0.00449965289
2026-07-20 16:22:17.644326,0,92.2999999999969,1550.0,0.00450286875
2026-07-20 16:22:18.874876,0,92.3499999999969,1550.0,0.00450856891
2026-07-20 16:22:20.123147,0,92.3999999999969,1550.0,0.00450944621
2026-07-20 16:22:21.346851,0,92.44999999999689,1550.0,0.00451689959
2026-07-20 16:22:22.574403,0,92.49999999999689,1550.0,0.00451587653
2026-07-20 16:22:23.793346,0,92.54999999999688,1550.0,0.00452756975
2026-07-20 16:22:25.025504,0,92.59999999999688,1550.0,0.00453195442
2026-07-20 16:22:26.273338,0,92.64999999999688,1550.0,0.00453283172
2026-07-20 16:22:27.525545,0,92.69999999999688,1550.0,0.00453312369
2026-07-20 16:22:28.747359,0,92.74999999999687,1550.0,0.00453926204
2026-07-20 16:22:29.978773,0,92.79999999999687,1550.0,0.00454160105
2026-07-20 16:22:31.198468,0,92.84999999999687,1550.0,0.00454598572
2026-07-20 16:22:32.427704,0,92.89999999999687,1550.0,0.00454817759
2026-07-20 16:22:33.647864,0,92.94999999999686,1550.0,0.00455095526
2026-07-20 16:22:34.875294,0,92.99999999999686,1550.0,0.00454934733
2026-07-20 16:22:36.126247,0,93.04999999999686,1550.0,0.00455285516
2026-07-20 16:22:37.345229,0,93.09999999999685,1550.0,0.0045534391
2026-07-20 16:22:38.573030,0,93.14999999999685,1550.0,0.0045584091
2026-07-20 16:22:39.788527,0,93.19999999999685,1550.0,0.00455972459
2026-07-20 16:22:41.025041,0,93.24999999999685,1550.0,0.00456293952
2026-07-20 16:22:42.245790,0,93.29999999999684,1550.0,0.00456615537
2026-07-20 16:22:43.473841,0,93.34999999999684,1550.0,0.0045715631
2026-07-20 16:22:44.725308,0,93.39999999999684,1550.0,0.00457492471
2026-07-20 16:22:45.948285,0,93.44999999999683,1550.0,0.00457653264
2026-07-20 16:22:47.183531,0,93.49999999999683,1550.0,0.0045790174
2026-07-20 16:22:48.423637,0,93.54999999999683,1550.0,0.00458077155
2026-07-20 16:22:49.673368,0,93.59999999999683,1550.0,0.00458398694
2026-07-20 16:22:50.893486,0,93.64999999999682,1550.0,0.00458501
2026-07-20 16:22:52.127792,0,93.69999999999682,1550.0,0.00458924891
2026-07-20 16:22:53.343477,0,93.74999999999682,1550.0,0.00459348736
2026-07-20 16:22:54.573933,0,93.79999999999681,1550.0,0.00459684851
2026-07-20 16:22:55.792839,0,93.84999999999681,1550.0,0.00459860219
2026-07-20 16:22:57.024412,0,93.89999999999681,1550.0,0.00460357172
2026-07-20 16:22:58.245087,0,93.9499999999968,1550.0,0.00460649561
2026-07-20 16:22:59.467353,0,93.9999999999968,1550.0,0.00460971054
2026-07-20 16:23:00.688087,0,94.0499999999968,1550.0,0.00461161043
2026-07-20 16:23:01.925483,0,94.0999999999968,1550.0,0.00461555691
2026-07-20 16:23:03.141946,0,94.1499999999968,1550.0,0.00461687287
2026-07-20 16:23:04.372935,0,94.19999999999679,1550.0,0.0046222806
2026-07-20 16:23:05.593470,0,94.24999999999679,1550.0,0.00462184194
2026-07-20 16:23:06.822633,0,94.29999999999679,1550.0,0.00462461868
2026-07-20 16:23:08.045790,0,94.34999999999678,1550.0,0.0046272492
2026-07-20 16:23:09.273339,0,94.39999999999678,1550.0,0.00463280408
2026-07-20 16:23:10.524901,0,94.44999999999678,1550.0,0.00463207299
2026-07-20 16:23:11.749839,0,94.49999999999677,1550.0,0.0046332418
2026-07-20 16:23:12.969984,0,94.54999999999677,1550.0,0.0046363119
2026-07-20 16:23:14.196947,0,94.59999999999677,1550.0,0.00463704253
2026-07-20 16:23:15.423048,0,94.64999999999677,1550.0,0.00464186538
2026-07-20 16:23:16.672756,0,94.69999999999676,1550.0,0.00464844285
2026-07-20 16:23:17.894679,0,94.74999999999676,1550.0,0.00464785798
2026-07-20 16:23:19.126005,0,94.79999999999676,1550.0,0.00465005077
2026-07-20 16:23:20.373051,0,94.84999999999675,1550.0,0.00465268176
2026-07-20 16:23:21.622078,0,94.89999999999675,1550.0,0.00465487363
2026-07-20 16:23:22.845367,0,94.94999999999675,1550.0,0.00465852814
2026-07-20 16:23:24.073920,0,94.99999999999675,1550.0,0.00466218218
2026-07-20 16:23:25.292065,0,95.04999999999674,1550.0,0.00466101198
2026-07-20 16:23:26.524933,0,95.09999999999674,1550.0,0.00466495892
2026-07-20 16:23:27.771944,0,95.14999999999674,1550.0,0.0046689054
2026-07-20 16:23:29.023621,0,95.19999999999673,1550.0,0.00467212033
2026-07-20 16:23:30.272869,0,95.24999999999673,1550.0,0.00467007468
2026-07-20 16:23:31.495648,0,95.29999999999673,1550.0,0.00467036664
2026-07-20 16:23:32.723428,0,95.34999999999673,1550.0,0.00467226654
2026-07-20 16:23:33.948549,0,95.39999999999672,1550.0,0.00467679789
2026-07-20 16:23:35.171401,0,95.44999999999672,1550.0,0.00467825914
2026-07-20 16:23:36.395306,0,95.49999999999672,1550.0,0.00468030572
2026-07-20 16:23:37.622073,0,95.54999999999671,1550.0,0.00468381355
2026-07-20 16:23:38.845298,0,95.59999999999671,1550.0,0.00469009811
2026-07-20 16:23:40.071675,0,95.64999999999671,1550.0,0.0046889293
2026-07-20 16:23:41.291743,0,95.6999999999967,1550.0,0.00469009811
2026-07-20 16:23:42.525999,0,95.7499999999967,1550.0,0.00469448278
2026-07-20 16:23:43.772464,0,95.7999999999967,1550.0,0.00469565205
2026-07-20 16:23:45.021785,0,95.8499999999967,1550.0,0.00469638268
2026-07-20 16:23:46.246932,0,95.8999999999967,1550.0,0.00469506765
2026-07-20 16:23:47.475662,0,95.94999999999669,1550.0,0.00470354455
2026-07-20 16:23:48.724296,0,95.99999999999669,1550.0,0.00470325258
2026-07-20 16:23:49.971115,0,96.04999999999669,1550.0,0.00470515247
2026-07-20 16:23:51.190214,0,96.09999999999668,1550.0,0.0047058831
2026-07-20 16:23:52.421063,0,96.14999999999668,1550.0,0.00470486004
2026-07-20 16:23:53.671096,0,96.19999999999668,1550.0,0.00470822211
2026-07-20 16:23:54.887213,0,96.24999999999667,1550.0,0.00471509155
2026-07-20 16:23:56.122823,0,96.29999999999667,1550.0,0.00471436046
2026-07-20 16:23:57.344269,0,96.34999999999667,1550.0,0.00471172994
2026-07-20 16:23:58.558726,0,96.39999999999667,1550.0,0.00471830647
2026-07-20 16:23:59.781215,0,96.44999999999666,1550.0,0.00472079124
2026-07-20 16:24:01.023084,0,96.49999999999666,1550.0,0.00471772254
2026-07-20 16:24:02.269462,0,96.54999999999666,1550.0,0.00472269207
2026-07-20 16:24:03.490723,0,96.59999999999665,1550.0,0.00472313026
2026-07-20 16:24:04.723204,0,96.64999999999665,1550.0,0.00472678384
2026-07-20 16:24:05.941730,0,96.69999999999665,1550.0,0.00472634565
2026-07-20 16:24:07.171950,0,96.74999999999665,1550.0,0.00472693006
2026-07-20 16:24:08.388145,0,96.79999999999664,1550.0,0.00472795358
2026-07-20 16:24:09.621114,0,96.84999999999664,1550.0,0.00473219156
2026-07-20 16:24:10.837921,0,96.89999999999664,1550.0,0.00473160762
2026-07-20 16:24:12.065817,0,96.94999999999663,1550.0,0.00473131472
2026-07-20 16:24:13.288513,0,96.99999999999663,1550.0,0.0047261999
2026-07-20 16:24:14.523190,0,97.04999999999663,1550.0,0.00472926861
2026-07-20 16:24:15.769611,0,97.09999999999663,1550.0,0.00473073032
2026-07-20 16:24:16.991184,0,97.14999999999662,1550.0,0.00473833084
2026-07-20 16:24:18.221932,0,97.19999999999662,1550.0,0.00474154577
2026-07-20 16:24:19.439567,0,97.24999999999662,1550.0,0.00474417675
2026-07-20 16:24:20.670642,0,97.29999999999661,1550.0,0.00474198489
2026-07-20 16:24:21.886835,0,97.34999999999661,1550.0,0.00474519981
2026-07-20 16:24:23.122767,0,97.39999999999661,1550.0,0.00474213064
2026-07-20 16:24:24.345941,0,97.4499999999966,1550.0,0.00474505359
2026-07-20 16:24:25.567839,0,97.4999999999966,1550.0,0.00474461541
2026-07-20 16:24:26.793142,0,97.5499999999966,1550.0,0.00474666152
2026-07-20 16:24:28.021995,0,97.5999999999966,1550.0,0.00474622333
2026-07-20 16:24:29.243297,0,97.6499999999966,1550.0,0.00474724639
2026-07-20 16:24:30.469647,0,97.69999999999659,1550.0,0.00474826945
2026-07-20 16:24:31.691706,0,97.74999999999659,1550.0,0.00474695442
2026-07-20 16:24:32.921948,0,97.79999999999659,1550.0,0.00475148531
2026-07-20 16:24:34.170278,0,97.84999999999658,1550.0,0.00475089997
2026-07-20 16:24:35.387928,0,97.89999999999658,1550.0,0.00475089997
2026-07-20 16:24:36.619299,0,97.94999999999658,1550.0,0.00475075422
2026-07-20 16:24:37.836466,0,97.99999999999658,1550.0,0.0047484152
2026-07-20 16:24:39.069359,0,98.04999999999657,1550.0,0.00475221593
2026-07-20 16:24:40.288524,0,98.09999999999657,1550.0,0.00475104619
2026-07-20 16:24:41.522231,0,98.14999999999657,1550.0,0.00475470023
2026-07-20 16:24:42.769372,0,98.19999999999656,1550.0,0.00475484692
2026-07-20 16:24:44.020235,0,98.24999999999656,1550.0,0.0047563077
2026-07-20 16:24:45.239806,0,98.29999999999656,1550.0,0.00475703878
2026-07-20 16:24:46.470382,0,98.34999999999656,1550.0,0.00475616194
2026-07-20 16:24:47.722286,0,98.39999999999655,1550.0,0.00475586997
2026-07-20 16:24:48.941935,0,98.44999999999655,1550.0,0.00476288516
2026-07-20 16:24:50.160257,0,98.49999999999655,1550.0,0.00476244651
2026-07-20 16:24:51.378430,0,98.54999999999654,1550.0,0.0047631776
2026-07-20 16:24:52.620501,0,98.59999999999654,1550.0,0.00476171635
2026-07-20 16:24:53.837742,0,98.64999999999654,1550.0,0.00476025464
2026-07-20 16:24:55.069671,0,98.69999999999654,1550.0,0.00475864671
2026-07-20 16:24:56.287635,0,98.74999999999653,1550.0,0.00476171635
2026-07-20 16:24:57.522034,0,98.79999999999653,1550.0,0.00476770801
2026-07-20 16:24:58.738007,0,98.84999999999653,1550.0,0.00476756226
2026-07-20 16:24:59.970783,0,98.89999999999652,1550.0,0.00476215454
2026-07-20 16:25:01.217798,0,98.94999999999652,1550.0,0.00476507749
2026-07-20 16:25:02.438300,0,98.99999999999652,1550.0,0.00476054661
2026-07-20 16:25:03.664986,0,99.04999999999652,1550.0,0.00475952355
2026-07-20 16:25:04.881494,0,99.09999999999651,1550.0,0.00476113148
2026-07-20 16:25:06.121695,0,99.14999999999651,1550.0,0.00476683117
2026-07-20 16:25:07.340724,0,99.1999999999965,1550.0,0.00476551615
2026-07-20 16:25:08.568862,0,99.2499999999965,1550.0,0.00476624724
2026-07-20 16:25:09.818668,0,99.2999999999965,1550.0,0.00476610102
2026-07-20 16:25:11.038246,0,99.3499999999965,1550.0,0.00476259319
2026-07-20 16:25:12.269164,0,99.3999999999965,1550.0,0.00476010842
2026-07-20 16:25:13.487913,0,99.44999999999649,1550.0,0.00476361625
2026-07-20 16:25:14.720995,0,99.49999999999649,1550.0,0.00476098526
2026-07-20 16:25:15.940773,0,99.54999999999649,1550.0,0.00476010842
2026-07-20 16:25:17.164522,0,99.59999999999648,1550.0,0.00475879293
2026-07-20 16:25:18.384271,0,99.64999999999648,1550.0,0.00476171635
2026-07-20 16:25:19.619239,0,99.69999999999648,1550.0,0.00476010842
2026-07-20 16:25:20.867916,0,99.74999999999648,1550.0,0.00475952355
2026-07-20 16:25:22.091567,0,99.79999999999647,1550.0,0.00476142345
2026-07-20 16:25:23.320675,0,99.84999999999647,1550.0,0.00476040039
2026-07-20 16:25:24.569471,0,99.89999999999647,1550.0,0.00475586997
2026-07-20 16:25:25.786172,0,99.94999999999646,1550.0,0.00475820759
2026-07-20 16:25:27.020203,0,99.99999999999646,1550.0,0.00476040039
2026-07-20 16:25:28.247579,0,100.04999999999646,1550.0,0.00475966977
2026-07-20 16:25:29.464926,0,100.09999999999646,1550.0,0.00475645391
2026-07-20 16:25:30.692027,0,100.14999999999645,1550.0,0.00475776987
2026-07-20 16:25:31.921355,0,100.19999999999645,1550.0,0.00475981552
2026-07-20 16:25:33.167929,0,100.24999999999645,1550.0,0.00475470023
2026-07-20 16:25:34.386970,0,100.29999999999644,1550.0,0.00475353096
2026-07-20 16:25:35.621008,0,100.34999999999644,1550.0,0.00475762365
2026-07-20 16:25:36.867765,0,100.39999999999644,1550.0,0.00475572376
2026-07-20 16:25:38.120615,0,100.44999999999644,1550.0,0.00475236215
2026-07-20 16:25:39.340673,0,100.49999999999643,1550.0,0.00474856142
2026-07-20 16:25:40.561160,0,100.54999999999643,1550.0,0.00474593043
2026-07-20 16:25:41.776471,0,100.59999999999643,1550.0,0.00475104619
2026-07-20 16:25:43.018260,0,100.64999999999642,1550.0,0.00474680774
2026-07-20 16:25:44.241180,0,100.69999999999642,1550.0,0.00474490784
2026-07-20 16:25:45.470304,0,100.74999999999642,1550.0,0.00474519981
2026-07-20 16:25:46.685755,0,100.79999999999642,1550.0,0.00474329991
2026-07-20 16:25:47.919963,0,100.84999999999641,1550.0,0.00474403054
2026-07-20 16:25:49.168376,0,100.89999999999641,1550.0,0.00474169198
2026-07-20 16:25:50.417362,0,100.94999999999641,1550.0,0.00474417675
2026-07-20 16:25:51.637543,0,100.9999999999964,1550.0,0.00474198489
2026-07-20 16:25:52.865646,0,101.0499999999964,1550.0,0.00473891525
2026-07-20 16:25:54.093099,0,101.0999999999964,1550.0,0.00473599229
2026-07-20 16:25:55.320667,0,101.1499999999964,1550.0,0.0047371611
2026-07-20 16:25:56.567704,0,101.1999999999964,1550.0,0.00473204535
2026-07-20 16:25:57.789562,0,101.24999999999639,1550.0,0.00473379949
2026-07-20 16:25:59.019022,0,101.29999999999639,1550.0,0.00473350752
2026-07-20 16:26:00.290433,0,101.34999999999638,1550.0,0.00473248446
2026-07-20 16:26:01.519563,0,101.39999999999638,1550.0,0.00472868374
2026-07-20 16:26:02.740463,0,101.44999999999638,1550.0,0.00472707674
2026-07-20 16:26:03.959509,0,101.49999999999638,1550.0,0.00472678384
2026-07-20 16:26:05.187952,0,101.54999999999637,1550.0,0.00472546881
2026-07-20 16:26:06.417496,0,101.59999999999637,1550.0,0.00472181523
2026-07-20 16:26:07.635521,0,101.64999999999637,1550.0,0.00472269207
2026-07-20 16:26:08.866945,0,101.69999999999636,1550.0,0.00471962243
2026-07-20 16:26:10.092121,0,101.74999999999636,1550.0,0.00471742963
2026-07-20 16:26:11.318949,0,101.79999999999636,1550.0,0.0047199144
2026-07-20 16:26:12.534559,0,101.84999999999636,1550.0,0.00471918331
2026-07-20 16:26:13.766899,0,101.89999999999635,1550.0,0.00471655233
2026-07-20 16:26:14.991146,0,101.94999999999635,1550.0,0.0047133374
2026-07-20 16:26:16.223163,0,101.99999999999635,1550.0,0.00470997579
2026-07-20 16:26:17.445987,0,102.04999999999634,1550.0,0.0047080759
2026-07-20 16:26:18.666471,0,102.09999999999634,1550.0,0.00470354455
2026-07-20 16:26:19.886470,0,102.14999999999634,1550.0,0.00470237527
2026-07-20 16:26:21.119480,0,102.19999999999634,1550.0,0.00470237527
2026-07-20 16:26:22.341450,0,102.24999999999633,1550.0,0.0047001834
2026-07-20 16:26:23.567246,0,102.29999999999633,1550.0,0.00469959853
2026-07-20 16:26:24.815651,0,102.34999999999633,1550.0,0.00469462899
2026-07-20 16:26:26.036429,0,102.39999999999633,1550.0,0.0046927291
2026-07-20 16:26:27.267191,0,102.44999999999632,1550.0,0.00469039008
2026-07-20 16:26:28.519522,0,102.49999999999632,1550.0,0.00468702847
2026-07-20 16:26:29.744768,0,102.54999999999632,1550.0,0.00468527479
2026-07-20 16:26:30.968453,0,102.59999999999631,1550.0,0.00468410552
2026-07-20 16:26:32.187732,0,102.64999999999631,1550.0,0.00468147499
2026-07-20 16:26:33.417456,0,102.69999999999631,1550.0,0.00467913598
2026-07-20 16:26:34.666111,0,102.7499999999963,1550.0,0.00468001282
2026-07-20 16:26:35.919133,0,102.7999999999963,1550.0,0.00467811292
2026-07-20 16:26:37.167173,0,102.8499999999963,1550.0,0.00467752805
2026-07-20 16:26:38.387422,0,102.8999999999963,1550.0,0.00467913598
2026-07-20 16:26:39.616366,0,102.9499999999963,1550.0,0.00468074391
2026-07-20 16:26:40.835897,0,102.99999999999629,1550.0,0.00467825914
2026-07-20 16:26:42.058837,0,103.04999999999629,1550.0,0.00467299717
2026-07-20 16:26:43.280026,0,103.09999999999629,1550.0,0.00466729747
2026-07-20 16:26:44.519067,0,103.14999999999628,1550.0,0.00466758991
2026-07-20 16:26:45.766216,0,103.19999999999628,1550.0,0.00466583576
2026-07-20 16:26:47.018143,0,103.24999999999628,1550.0,0.0046629128
2026-07-20 16:26:48.265409,0,103.29999999999627,1550.0,0.00466305902
2026-07-20 16:26:49.489135,0,103.34999999999627,1550.0,0.00465560472
2026-07-20 16:26:50.718587,0,103.39999999999627,1550.0,0.00465721218
2026-07-20 16:26:51.948306,0,103.44999999999627,1550.0,0.00465370482
2026-07-20 16:26:53.167986,0,103.49999999999626,1550.0,0.00465268176
2026-07-20 16:26:54.386994,0,103.54999999999626,1550.0,0.00464917393
2026-07-20 16:26:55.616659,0,103.59999999999626,1550.0,0.00464259647
2026-07-20 16:26:56.865401,0,103.64999999999625,1550.0,0.00464288937
2026-07-20 16:26:58.088227,0,103.69999999999625,1550.0,0.00464376621
2026-07-20 16:26:59.318436,0,103.74999999999625,1550.0,0.00463952729
2026-07-20 16:27:00.566609,0,103.79999999999625,1550.0,0.00463865045
2026-07-20 16:27:01.814275,0,103.84999999999624,1550.0,0.00463455776
2026-07-20 16:27:03.041013,0,103.89999999999624,1550.0,0.00462798029
2026-07-20 16:27:04.267466,0,103.94999999999624,1550.0,0.00462564221
2026-07-20 16:27:05.518333,0,103.99999999999623,1550.0,0.00462081889
2026-07-20 16:27:06.763873,0,104.04999999999623,1550.0,0.00461584935
2026-07-20 16:27:07.979924,0,104.09999999999623,1550.0,0.00461263442
2026-07-20 16:27:09.215655,0,104.14999999999623,1550.0,0.00461000344
2026-07-20 16:27:10.437642,0,104.19999999999622,1550.0,0.00460985675
2026-07-20 16:27:11.666471,0,104.24999999999622,1550.0,0.00460824976
2026-07-20 16:27:12.918075,0,104.29999999999622,1550.0,0.00460269488
2026-07-20 16:27:14.132141,0,104.34999999999621,1550.0,0.00459977193
2026-07-20 16:27:15.362694,0,104.39999999999621,1550.0,0.00459626457
2026-07-20 16:27:16.615620,0,104.44999999999621,1550.0,0.00459187943
2026-07-20 16:27:17.835001,0,104.4999999999962,1550.0,0.00458954088
2026-07-20 16:27:19.065328,0,104.5499999999962,1550.0,0.00458632503
2026-07-20 16:27:20.285037,0,104.5999999999962,1550.0,0.00458340207
2026-07-20 16:27:21.517670,0,104.6499999999962,1550.0,0.00457974849
2026-07-20 16:27:22.765897,0,104.6999999999962,1550.0,0.00457916362
2026-07-20 16:27:23.988111,0,104.74999999999619,1550.0,0.00457594777
2026-07-20 16:27:25.214579,0,104.79999999999619,1550.0,0.00457054004
2026-07-20 16:27:26.436017,0,104.84999999999619,1550.0,0.00456747133
2026-07-20 16:27:27.663592,0,104.89999999999618,1550.0,0.00456396351
2026-07-20 16:27:28.917607,0,104.94999999999618,1550.0,0.00456162449
2026-07-20 16:27:30.137965,0,104.99999999999618,1550.0,0.00455417018
2026-07-20 16:27:31.364326,0,105.04999999999617,1550.0,0.00455314713
2026-07-20 16:27:32.581783,0,105.09999999999617,1550.0,0.00454715453
2026-07-20 16:27:33.816459,0,105.14999999999617,1550.0,0.00454540085
2026-07-20 16:27:35.065483,0,105.19999999999617,1550.0,0.00454510888
2026-07-20 16:27:36.316730,0,105.24999999999616,1550.0,0.00454101618
2026-07-20 16:27:37.538711,0,105.29999999999616,1550.0,0.00453823898
2026-07-20 16:27:38.758133,0,105.34999999999616,1550.0,0.00453312369
2026-07-20 16:27:39.976421,0,105.39999999999615,1550.0,0.00452800794
2026-07-20 16:27:41.212789,0,105.44999999999615,1550.0,0.00452508498
2026-07-20 16:27:42.432055,0,105.49999999999615,1550.0,0.00452289218
2026-07-20 16:27:43.664029,0,105.54999999999615,1550.0,0.0045173387
2026-07-20 16:27:44.913563,0,105.59999999999614,1550.0,0.00451251492
2026-07-20 16:27:46.166263,0,105.64999999999614,1550.0,0.00450944621
2026-07-20 16:27:47.386514,0,105.69999999999614,1550.0,0.00451266114
2026-07-20 16:27:48.613526,0,105.74999999999613,1550.0,0.00450243056
2026-07-20 16:27:49.831859,0,105.79999999999613,1550.0,0.00450213766
2026-07-20 16:27:51.057572,0,105.84999999999613,1550.0,0.00449585309
2026-07-20 16:27:52.314219,0,105.89999999999613,1550.0,0.00448810635
2026-07-20 16:27:53.537872,0,105.94999999999612,1550.0,0.0044838679
2026-07-20 16:27:54.763541,0,105.99999999999612,1550.0,0.00447846018
2026-07-20 16:27:55.985182,0,106.04999999999612,1550.0,0.00448182179
2026-07-20 16:27:57.214068,0,106.09999999999611,1550.0,0.00447685225
2026-07-20 16:27:58.435668,0,106.14999999999611,1550.0,0.00447290624
2026-07-20 16:27:59.664886,0,106.19999999999611,1550.0,0.0044660368
2026-07-20 16:28:00.885383,0,106.2499999999961,1550.0,0.00446150545
2026-07-20 16:28:02.116398,0,106.2999999999961,1550.0,0.00445887446
2026-07-20 16:28:03.331035,0,106.3499999999961,1550.0,0.00445332099
2026-07-20 16:28:04.548283,0,106.3999999999961,1550.0,0.00445025088
2026-07-20 16:28:05.777056,0,106.4499999999961,1550.0,0.00445010513
2026-07-20 16:28:07.015710,0,106.49999999999609,1550.0,0.00444542849
2026-07-20 16:28:08.263365,0,106.54999999999609,1550.0,0.00443885056
2026-07-20 16:28:09.515667,0,106.59999999999609,1550.0,0.00443607382
2026-07-20 16:28:10.763883,0,106.64999999999608,1550.0,0.00442628143
2026-07-20 16:28:11.985108,0,106.69999999999608,1550.0,0.00442189677
2026-07-20 16:28:13.213369,0,106.74999999999608,1550.0,0.00441765832
2026-07-20 16:28:14.436741,0,106.79999999999607,1550.0,0.00441400427
2026-07-20 16:28:15.653434,0,106.84999999999607,1550.0,0.00441181147
2026-07-20 16:28:16.876222,0,106.89999999999607,1550.0,0.00440318789
2026-07-20 16:28:18.116544,0,106.94999999999607,1550.0,0.00439778063
2026-07-20 16:28:19.362697,0,106.99999999999606,1550.0,0.00439514965
2026-07-20 16:28:20.613718,0,107.04999999999606,1550.0,0.00438667228
2026-07-20 16:28:21.834580,0,107.09999999999606,1550.0,0.00438448042
2026-07-20 16:28:23.064154,0,107.14999999999606,1550.0,0.00437907176
2026-07-20 16:28:24.286040,0,107.19999999999605,1550.0,0.00437571015
2026-07-20 16:28:25.515666,0,107.24999999999605,1550.0,0.00437337207
2026-07-20 16:28:26.739759,0,107.29999999999605,1550.0,0.00436825631
2026-07-20 16:28:27.957507,0,107.34999999999604,1550.0,0.0043648947
2026-07-20 16:28:29.175737,0,107.39999999999604,1550.0,0.00436036382
2026-07-20 16:28:30.414055,0,107.44999999999604,1550.0,0.00435232464
2026-07-20 16:28:31.662827,0,107.49999999999604,1550.0,0.00434910972
2026-07-20 16:28:32.886289,0,107.54999999999603,1550.0,0.00434370199
2026-07-20 16:28:34.116381,0,107.59999999999603,1550.0,0.00433376245
2026-07-20 16:28:35.338166,0,107.64999999999603,1550.0,0.00433098571
2026-07-20 16:28:36.564034,0,107.69999999999602,1550.0,0.00433069374
2026-07-20 16:28:37.812751,0,107.74999999999602,1550.0,0.00432119332
2026-07-20 16:28:39.041553,0,107.79999999999602,1550.0,0.0043135928
2026-07-20 16:28:40.262714,0,107.84999999999602,1550.0,0.00430613849
2026-07-20 16:28:41.513130,0,107.89999999999601,1550.0,0.00430131564
2026-07-20 16:28:42.735659,0,107.94999999999601,1550.0,0.00429722294
2026-07-20 16:28:43.965749,0,107.999999999996,1550.0,0.00429239962
2026-07-20 16:28:45.183331,0,108.049999999996,1550.0,0.00428684568
2026-07-20 16:28:46.412915,0,108.099999999996,1550.0,0.0042828992
2026-07-20 16:28:47.635840,0,108.149999999996,1550.0,0.00427076779
2026-07-20 16:28:48.863723,0,108.199999999996,1550.0,0.00426784484
2026-07-20 16:28:50.086302,0,108.24999999999599,1550.0,0.00426609116
2026-07-20 16:28:51.315186,0,108.29999999999599,1550.0,0.00425863685
2026-07-20 16:28:52.540033,0,108.34999999999599,1550.0,0.00425322913
2026-07-20 16:28:53.771706,0,108.39999999999598,1550.0,0.00424723653
2026-07-20 16:28:55.014310,0,108.44999999999598,1550.0,0.00424343674
2026-07-20 16:28:56.259903,0,108.49999999999598,1550.0,0.00423568999
2026-07-20 16:28:57.477965,0,108.54999999999598,1550.0,0.00422940543
2026-07-20 16:28:58.714730,0,108.59999999999597,1550.0,0.00422458211
2026-07-20 16:28:59.960572,0,108.64999999999597,1550.0,0.00421756646
2026-07-20 16:29:01.185228,0,108.69999999999597,1550.0,0.0042105508
2026-07-20 16:29:02.412625,0,108.74999999999596,1550.0,0.00420485018
2026-07-20 16:29:03.638338,0,108.79999999999596,1550.0,0.00420090463
2026-07-20 16:29:04.862204,0,108.84999999999596,1550.0,0.00419330411
2026-07-20 16:29:06.083532,0,108.89999999999596,1550.0,0.00419111224
2026-07-20 16:29:07.314408,0,108.94999999999595,1550.0,0.00418424234
2026-07-20 16:29:08.560929,0,108.99999999999595,1550.0,0.00418482674
2026-07-20 16:29:09.811484,0,109.04999999999595,1550.0,0.00417781109
2026-07-20 16:29:11.062254,0,109.09999999999594,1550.0,0.00417167228
2026-07-20 16:29:12.314275,0,109.14999999999594,1550.0,0.00416597258
2026-07-20 16:29:13.536227,0,109.19999999999594,1550.0,0.00415939512
2026-07-20 16:29:14.766008,0,109.24999999999594,1550.0,0.00415530242
2026-07-20 16:29:16.013900,0,109.29999999999593,1550.0,0.00414638687
2026-07-20 16:29:17.258978,0,109.34999999999593,1550.0,0.00414463319
2026-07-20 16:29:18.478573,0,109.39999999999593,1550.0,0.00413864059
2026-07-20 16:29:19.713678,0,109.44999999999592,1550.0,0.00413162494
2026-07-20 16:29:20.936008,0,109.49999999999592,1550.0,0.00412680116
2026-07-20 16:29:22.162029,0,109.54999999999592,1550.0,0.00411890866
2026-07-20 16:29:23.410666,0,109.59999999999592,1550.0,0.00411174726
2026-07-20 16:29:24.638601,0,109.64999999999591,1550.0,0.00410633953
2026-07-20 16:29:25.866235,0,109.69999999999591,1550.0,0.00410341611
2026-07-20 16:29:27.113529,0,109.74999999999591,1550.0,0.00410414673
2026-07-20 16:29:28.335470,0,109.7999999999959,1550.0,0.00409903098
2026-07-20 16:29:29.561686,0,109.8499999999959,1550.0,0.00408748491
2026-07-20 16:29:30.811002,0,109.8999999999959,1550.0,0.0040784236
2026-07-20 16:29:32.034384,0,109.9499999999959,1550.0,0.00407593884
2026-07-20 16:29:33.270625,0,109.9999999999959,1550.0,0.0040693609
2026-07-20 16:29:34.513181,0,110.04999999999589,1550.0,0.00406190753
2026-07-20 16:29:35.735608,0,110.09999999999589,1550.0,0.00405708374
2026-07-20 16:29:36.964547,0,110.14999999999588,1550.0,0.00404802244
2026-07-20 16:29:38.210788,0,110.19999999999588,1550.0,0.00404173695
2026-07-20 16:29:39.436002,0,110.24999999999588,1550.0,0.00403384445
2026-07-20 16:29:40.661400,0,110.29999999999588,1550.0,0.00403033663
2026-07-20 16:29:41.877172,0,110.34999999999587,1550.0,0.00402741367
2026-07-20 16:29:43.113505,0,110.39999999999587,1550.0,0.00401864434
2026-07-20 16:29:44.335705,0,110.44999999999587,1550.0,0.00401133578
2026-07-20 16:29:45.561715,0,110.49999999999586,1550.0,0.00400490547
2026-07-20 16:29:46.776926,0,110.54999999999586,1550.0,0.00399891287
2026-07-20 16:29:48.012982,0,110.59999999999586,1550.0,0.00399204297
2026-07-20 16:29:49.237337,0,110.64999999999586,1550.0,0.00398912048
2026-07-20 16:29:50.464883,0,110.69999999999585,1550.0,0.00398341985
2026-07-20 16:29:51.682701,0,110.74999999999585,1550.0,0.00398254301
2026-07-20 16:29:52.912840,0,110.79999999999585,1550.0,0.00397742726
2026-07-20 16:29:54.160925,0,110.84999999999584,1550.0,0.00396982674
2026-07-20 16:29:55.381711,0,110.89999999999584,1550.0,0.00396310398
2026-07-20 16:29:56.611129,0,110.94999999999584,1550.0,0.0039591575
2026-07-20 16:29:57.825915,0,110.99999999999584,1550.0,0.00395564968
2026-07-20 16:29:59.061679,0,111.04999999999583,1550.0,0.0039522876
2026-07-20 16:30:00.282814,0,111.09999999999583,1550.0,0.00394541817
2026-07-20 16:30:01.513744,0,111.14999999999583,1550.0,0.00393401785
2026-07-20 16:30:02.738766,0,111.19999999999582,1550.0,0.00392890256
2026-07-20 16:30:03.955946,0,111.24999999999582,1550.0,0.00391750224
2026-07-20 16:30:05.183485,0,111.29999999999582,1550.0,0.0039116554
2026-07-20 16:30:06.411088,0,111.34999999999582,1550.0,0.00390463998
2026-07-20 16:30:07.660870,0,111.39999999999581,1550.0,0.00389674748
2026-07-20 16:30:08.913242,0,111.44999999999581,1550.0,0.0038906089
2026-07-20 16:30:10.161727,0,111.49999999999581,1550.0,0.00388447032
2026-07-20 16:30:11.409539,0,111.5499999999958,1550.0,0.0038787697
2026-07-20 16:30:12.640705,0,111.5999999999958,1550.0,0.00387146208
2026-07-20 16:30:13.864121,0,111.6499999999958,1550.0,0.00386356958
2026-07-20 16:30:15.082218,0,111.6999999999958,1550.0,0.0038552382
2026-07-20 16:30:16.312880,0,111.7499999999958,1550.0,0.00385099952
2026-07-20 16:30:17.560317,0,111.79999999999579,1550.0,0.0038458847
2026-07-20 16:30:18.777239,0,111.84999999999579,1550.0,0.00383930723
2026-07-20 16:30:20.012649,0,111.89999999999579,1550.0,0.00383346062
2026-07-20 16:30:21.260423,0,111.94999999999578,1550.0,0.00382776093
2026-07-20 16:30:22.477461,0,111.99999999999578,1550.0,0.00382308336
2026-07-20 16:30:23.712319,0,112.04999999999578,1550.0,0.00381767564
2026-07-20 16:30:24.927425,0,112.09999999999577,1550.0,0.00381577574
2026-07-20 16:30:26.147525,0,112.14999999999577,1550.0,0.00381007511
2026-07-20 16:30:27.365556,0,112.19999999999577,1550.0,0.00380349858
2026-07-20 16:30:28.583638,0,112.24999999999577,1550.0,0.00379224424
2026-07-20 16:30:29.811747,0,112.29999999999576,1550.0,0.00378215895
2026-07-20 16:30:31.058224,0,112.34999999999576,1550.0,0.00377309765
2026-07-20 16:30:32.312321,0,112.39999999999576,1550.0,0.00377178169
2026-07-20 16:30:33.532345,0,112.44999999999575,1550.0,0.00376272015
2026-07-20 16:30:34.759839,0,112.49999999999575,1550.0,0.00375278108
2026-07-20 16:30:35.979665,0,112.54999999999575,1550.0,0.0037463503
2026-07-20 16:30:37.210332,0,112.59999999999575,1550.0,0.00373962685
2026-07-20 16:30:38.426292,0,112.64999999999574,1550.0,0.00373568013
2026-07-20 16:30:39.647011,0,112.69999999999574,1550.0,0.0037269108
2026-07-20 16:30:40.875585,0,112.74999999999574,1550.0,0.00372486468
2026-07-20 16:30:42.111918,0,112.79999999999573,1550.0,0.00371799525
2026-07-20 16:30:43.357608,0,112.84999999999573,1550.0,0.00371521851
2026-07-20 16:30:44.609144,0,112.89999999999573,1550.0,0.0037087868
2026-07-20 16:30:45.857712,0,112.94999999999573,1550.0,0.00369665562
2026-07-20 16:30:47.082191,0,112.99999999999572,1550.0,0.0036899331
2026-07-20 16:30:48.311673,0,113.04999999999572,1550.0,0.00368101662
2026-07-20 16:30:49.535555,0,113.09999999999572,1550.0,0.0036740012
2026-07-20 16:30:50.754795,0,113.14999999999571,1550.0,0.00366640161
2026-07-20 16:30:51.976423,0,113.19999999999571,1550.0,0.00365821621
2026-07-20 16:30:53.209812,0,113.24999999999571,1550.0,0.00365090859
2026-07-20 16:30:54.426609,0,113.2999999999957,1550.0,0.0036427232
2026-07-20 16:30:55.659369,0,113.3499999999957,1550.0,0.00363877742
2026-07-20 16:30:56.877966,0,113.3999999999957,1550.0,0.00363219995
2026-07-20 16:30:58.111867,0,113.4499999999957,1550.0,0.00362284551
2026-07-20 16:30:59.331506,0,113.4999999999957,1550.0,0.0036172918
2026-07-20 16:31:00.567548,0,113.54999999999569,1550.0,0.00360881444
2026-07-20 16:31:01.809001,0,113.59999999999569,1550.0,0.00360092218
2026-07-20 16:31:03.030782,0,113.64999999999569,1550.0,0.00359536801
2026-07-20 16:31:04.252836,0,113.69999999999568,1550.0,0.00358966785
2026-07-20 16:31:05.476456,0,113.74999999999568,1550.0,0.00358235999
2026-07-20 16:31:06.711128,0,113.79999999999568,1550.0,0.00357285957
2026-07-20 16:31:07.932275,0,113.84999999999567,1550.0,0.00356730539
2026-07-20 16:31:09.158819,0,113.89999999999567,1550.0,0.00356028997
2026-07-20 16:31:10.375855,0,113.94999999999567,1550.0,0.00355634373
2026-07-20 16:31:11.608569,0,113.99999999999567,1550.0,0.00354786613
2026-07-20 16:31:12.822404,0,114.04999999999566,1550.0,0.00354275061
2026-07-20 16:31:14.059768,0,114.09999999999566,1550.0,0.00353515055
2026-07-20 16:31:15.310754,0,114.14999999999566,1550.0,0.00352915796
2026-07-20 16:31:16.538800,0,114.19999999999565,1550.0,0.0035202424
2026-07-20 16:31:17.756556,0,114.24999999999565,1550.0,0.00350971869
2026-07-20 16:31:19.010342,0,114.29999999999565,1550.0,0.00350094936
2026-07-20 16:31:20.231594,0,114.34999999999565,1550.0,0.00349568762
2026-07-20 16:31:21.458567,0,114.39999999999564,1550.0,0.00348706427
2026-07-20 16:31:22.678473,0,114.44999999999564,1550.0,0.00348311802
2026-07-20 16:31:23.910294,0,114.49999999999564,1550.0,0.00347668678
2026-07-20 16:31:25.129139,0,114.54999999999563,1550.0,0.00347186369
2026-07-20 16:31:26.359169,0,114.59999999999563,1550.0,0.00346250925
2026-07-20 16:31:27.579304,0,114.64999999999563,1550.0,0.00345564028
2026-07-20 16:31:28.807936,0,114.69999999999563,1550.0,0.00344774732
2026-07-20 16:31:30.033022,0,114.74999999999562,1550.0,0.00343985483
2026-07-20 16:31:31.247950,0,114.79999999999562,1550.0,0.00343620102
2026-07-20 16:31:32.467943,0,114.84999999999562,1550.0,0.00342874695
2026-07-20 16:31:33.708654,0,114.89999999999561,1550.0,0.0034188081
2026-07-20 16:31:34.957602,0,114.94999999999561,1550.0,0.00341281551
2026-07-20 16:31:36.177516,0,114.99999999999561,1550.0,0.00340375374
2026-07-20 16:31:37.407863,0,115.0499999999956,1550.0,0.00339425332
2026-07-20 16:31:38.626998,0,115.0999999999956,1550.0,0.00338212214
2026-07-20 16:31:39.858168,0,115.1499999999956,1550.0,0.00337539869
2026-07-20 16:31:41.082083,0,115.1999999999956,1550.0,0.00336852949
2026-07-20 16:31:42.313441,0,115.2499999999956,1550.0,0.00335961371
2026-07-20 16:31:43.529915,0,115.29999999999559,1550.0,0.00335332891
2026-07-20 16:31:44.751420,0,115.34999999999559,1550.0,0.00334470556
2026-07-20 16:31:45.980420,0,115.39999999999559,1550.0,0.00333666662
2026-07-20 16:31:47.208269,0,115.44999999999558,1550.0,0.00333418185
2026-07-20 16:31:48.457835,0,115.49999999999558,1550.0,0.00332658179
2026-07-20 16:31:49.707349,0,115.54999999999558,1550.0,0.00331825088
2026-07-20 16:31:50.928481,0,115.59999999999557,1550.0,0.00330904243
2026-07-20 16:31:52.158895,0,115.64999999999557,1550.0,0.00329939602
2026-07-20 16:31:53.377717,0,115.69999999999557,1550.0,0.00329135754
2026-07-20 16:31:54.607713,0,115.74999999999557,1550.0,0.00328229577
2026-07-20 16:31:55.824646,0,115.79999999999556,1550.0,0.00327323377
2026-07-20 16:31:57.049273,0,115.84999999999556,1550.0,0.00326592568
2026-07-20 16:31:58.274186,0,115.89999999999556,1550.0,0.00325730233
2026-07-20 16:31:59.510248,0,115.94999999999555,1550.0,0.00324955583
2026-07-20 16:32:00.756754,0,115.99999999999555,1550.0,0.00324166333
2026-07-20 16:32:02.008714,0,116.04999999999555,1550.0,0.00323377084
2026-07-20 16:32:03.257087,0,116.09999999999555,1550.0,0.00322660897
2026-07-20 16:32:04.509225,0,116.14999999999554,1550.0,0.00321798539
2026-07-20 16:32:05.726581,0,116.19999999999554,1550.0,0.00321053155
2026-07-20 16:32:06.948170,0,116.24999999999554,1550.0,0.00320585421
2026-07-20 16:32:08.170155,0,116.29999999999553,1550.0,0.00319533097
2026-07-20 16:32:09.407156,0,116.34999999999553,1550.0,0.00318670762
2026-07-20 16:32:10.630388,0,116.39999999999553,1550.0,0.00317925354
2026-07-20 16:32:11.856396,0,116.44999999999553,1550.0,0.00317296898
2026-07-20 16:32:13.070315,0,116.49999999999552,1550.0,0.00316273747
2026-07-20 16:32:14.308876,0,116.54999999999552,1550.0,0.00315528363
2026-07-20 16:32:15.556201,0,116.59999999999552,1550.0,0.0031487064
2026-07-20 16:32:16.776193,0,116.64999999999552,1550.0,0.00314110611
2026-07-20 16:32:18.008692,0,116.69999999999551,1550.0,0.00313087506
2026-07-20 16:32:19.224901,0,116.74999999999551,1550.0,0.00312005938
2026-07-20 16:32:20.448493,0,116.7999999999955,1550.0,0.00311026652
2026-07-20 16:32:21.675770,0,116.8499999999955,1550.0,0.00310339709
2026-07-20 16:32:22.909591,0,116.8999999999955,1550.0,0.00309652742
2026-07-20 16:32:24.155465,0,116.9499999999955,1550.0,0.00308805052
2026-07-20 16:32:25.378595,0,116.9999999999955,1550.0,0.00307548069
2026-07-20 16:32:26.606709,0,117.04999999999549,1550.0,0.00306773442
2026-07-20 16:32:27.824120,0,117.09999999999549,1550.0,0.00305969547
2026-07-20 16:32:29.056806,0,117.14999999999549,1550.0,0.00305165676
2026-07-20 16:32:30.277285,0,117.19999999999548,1550.0,0.00304683368
2026-07-20 16:32:31.508766,0,117.24999999999548,1550.0,0.00303572556
2026-07-20 16:32:32.732669,0,117.29999999999548,1550.0,0.00303177931
2026-07-20 16:32:33.954083,0,117.34999999999548,1550.0,0.00302242488
2026-07-20 16:32:35.172762,0,117.39999999999547,1550.0,0.00301482482
2026-07-20 16:32:36.406844,0,117.44999999999547,1550.0,0.0030102937
2026-07-20 16:32:37.630279,0,117.49999999999547,1550.0,0.0030006473
2026-07-20 16:32:38.856228,0,117.54999999999546,1550.0,0.00299114687
2026-07-20 16:32:40.079601,0,117.59999999999546,1550.0,0.00298296195
2026-07-20 16:32:41.308603,0,117.64999999999546,1550.0,0.00297638495
2026-07-20 16:32:42.525396,0,117.69999999999546,1550.0,0.00296746939
2026-07-20 16:32:43.756510,0,117.74999999999545,1550.0,0.00296103838
2026-07-20 16:32:45.007582,0,117.79999999999545,1550.0,0.00295329187
2026-07-20 16:32:46.225928,0,117.84999999999545,1550.0,0.00294671487
2026-07-20 16:32:47.458665,0,117.89999999999544,1550.0,0.00293692201
2026-07-20 16:32:48.707325,0,117.94999999999544,1550.0,0.00292873709
2026-07-20 16:32:49.928697,0,117.99999999999544,1550.0,0.00292186788
2026-07-20 16:32:51.155148,0,118.04999999999544,1550.0,0.00291075977
2026-07-20 16:32:52.374063,0,118.09999999999543,1550.0,0.00290520559
2026-07-20 16:32:53.606164,0,118.14999999999543,1550.0,0.0028959976
2026-07-20 16:32:54.827000,0,118.19999999999543,1550.0,0.00288766669
2026-07-20 16:32:56.059108,0,118.24999999999542,1550.0,0.00287962775
2026-07-20 16:32:57.308152,0,118.29999999999542,1550.0,0.00287188124
2026-07-20 16:32:58.528014,0,118.34999999999542,1550.0,0.00287275808
2026-07-20 16:32:59.754806,0,118.39999999999542,1550.0,0.00286208885
2026-07-20 16:33:00.976833,0,118.44999999999541,1550.0,0.00285317306
2026-07-20 16:33:02.206257,0,118.49999999999541,1550.0,0.00284454948
2026-07-20 16:33:03.455955,0,118.5499999999954,1550.0,0.00283592613
2026-07-20 16:33:04.675487,0,118.5999999999954,1550.0,0.00283037242
2026-07-20 16:33:05.907883,0,118.6499999999954,1550.0,0.0028227719
2026-07-20 16:33:07.154122,0,118.6999999999954,1550.0,0.00281400257
2026-07-20 16:33:08.374785,0,118.7499999999954,1550.0,0.00280859438
2026-07-20 16:33:09.606331,0,118.79999999999539,1550.0,0.00280157896
2026-07-20 16:33:10.825095,0,118.84999999999539,1550.0,0.00279339403
2026-07-20 16:33:12.047470,0,118.89999999999539,1550.0,0.00278506288
2026-07-20 16:33:13.272569,0,118.94999999999538,1550.0,0.00277790148
2026-07-20 16:33:14.508741,0,118.99999999999538,1550.0,0.00277030095
2026-07-20 16:33:15.726614,0,119.04999999999538,1550.0,0.00276021613
2026-07-20 16:33:16.954530,0,119.09999999999538,1550.0,0.00275188521
2026-07-20 16:33:18.174844,0,119.14999999999537,1550.0,0.0027448691
2026-07-20 16:33:19.404941,0,119.19999999999537,1550.0,0.00273551513
2026-07-20 16:33:20.624404,0,119.24999999999537,1550.0,0.00272616092
2026-07-20 16:33:21.857400,0,119.29999999999536,1550.0,0.00271958369
2026-07-20 16:33:23.105940,0,119.34999999999536,1550.0,0.0027128607
2026-07-20 16:33:24.324522,0,119.39999999999536,1550.0,0.0027051142
2026-07-20 16:33:25.549487,0,119.44999999999536,1550.0,0.00269780611
2026-07-20 16:33:26.771318,0,119.49999999999535,1550.0,0.00269166753
2026-07-20 16:33:28.006740,0,119.54999999999535,1550.0,0.00268435967
2026-07-20 16:33:29.224172,0,119.59999999999535,1550.0,0.00267559011
2026-07-20 16:33:30.454650,0,119.64999999999534,1550.0,0.00266945106
2026-07-20 16:33:31.666352,0,119.69999999999534,1550.0,0.00266199699
2026-07-20 16:33:32.906657,0,119.74999999999534,1550.0,0.00265425048
2026-07-20 16:33:34.122439,0,119.79999999999534,1550.0,0.00264533516
2026-07-20 16:33:35.355778,0,119.84999999999533,1550.0,0.00263758865
2026-07-20 16:33:36.579292,0,119.89999999999533,1550.0,0.00263042678
2026-07-20 16:33:37.804675,0,119.94999999999533,1550.0,0.00262019574
2026-07-20 16:33:39.033992,0,119.99999999999532,1550.0,0.00261683413
2026-07-20 16:33:40.252881,0,120.04999999999532,1550.0,0.00260689529
2026-07-20 16:33:41.469212,0,120.09999999999532,1550.0,0.00259871036
2026-07-20 16:33:42.707248,0,120.14999999999532,1550.0,0.00258950237
2026-07-20 16:33:43.927656,0,120.19999999999531,1550.0,0.00258160988
2026-07-20 16:33:45.154824,0,120.24999999999531,1550.0,0.00257459423
2026-07-20 16:33:46.375609,0,120.29999999999531,1550.0,0.0025694787
2026-07-20 16:33:47.603555,0,120.3499999999953,1550.0,0.00255997828
2026-07-20 16:33:48.825807,0,120.3999999999953,1550.0,0.00255193934
2026-07-20 16:33:50.056858,0,120.4499999999953,1550.0,0.00254360843
2026-07-20 16:33:51.306319,0,120.4999999999953,1550.0,0.0025354235
2026-07-20 16:33:52.531117,0,120.5499999999953,1550.0,0.0025263615
2026-07-20 16:33:53.755085,0,120.59999999999529,1550.0,0.00251905387
2026-07-20 16:33:55.006746,0,120.64999999999529,1550.0,0.00251159957
2026-07-20 16:33:56.227880,0,120.69999999999528,1550.0,0.00250312244
2026-07-20 16:33:57.453723,0,120.74999999999528,1550.0,0.00249756849
2026-07-20 16:33:58.671990,0,120.79999999999528,1550.0,0.00248806807
2026-07-20 16:33:59.906132,0,120.84999999999528,1550.0,0.00248105242
2026-07-20 16:34:01.154629,0,120.89999999999527,1550.0,0.00247272151
2026-07-20 16:34:02.376179,0,120.94999999999527,1550.0,0.0024655594
2026-07-20 16:34:03.603473,0,120.99999999999527,1550.0,0.00245766691
2026-07-20 16:34:04.824925,0,121.04999999999526,1550.0,0.00244845916
2026-07-20 16:34:06.044360,0,121.09999999999526,1550.0,0.00244465889
2026-07-20 16:34:07.271184,0,121.14999999999526,1550.0,0.00243501249
2026-07-20 16:34:08.506873,0,121.19999999999526,1550.0,0.00242448901
2026-07-20 16:34:09.726307,0,121.24999999999525,1550.0,0.00241761934
2026-07-20 16:34:10.954892,0,121.29999999999525,1550.0,0.00241381931
2026-07-20 16:34:12.205221,0,121.34999999999525,1550.0,0.00240212656
2026-07-20 16:34:13.421519,0,121.39999999999525,1550.0,0.00239364943
2026-07-20 16:34:14.654070,0,121.44999999999524,1550.0,0.00238517229
2026-07-20 16:34:15.875619,0,121.49999999999524,1550.0,0.00237479503
2026-07-20 16:34:17.106775,0,121.54999999999524,1550.0,0.0023682178
2026-07-20 16:34:18.324841,0,121.59999999999523,1550.0,0.00235900981
2026-07-20 16:34:19.547036,0,121.64999999999523,1550.0,0.0023506789
2026-07-20 16:34:20.772427,0,121.69999999999523,1550.0,0.00234395545
2026-07-20 16:34:22.005412,0,121.74999999999523,1550.0,0.00233620894
2026-07-20 16:34:23.228089,0,121.79999999999522,1550.0,0.00232992414
2026-07-20 16:34:24.452715,0,121.84999999999522,1550.0,0.00232276251
2026-07-20 16:34:25.705092,0,121.89999999999522,1550.0,0.00231165439
2026-07-20 16:34:26.951736,0,121.94999999999521,1550.0,0.00230346946
2026-07-20 16:34:28.163563,0,121.99999999999521,1550.0,0.00229411526
2026-07-20 16:34:29.402933,0,122.04999999999521,1550.0,0.00228812266
2026-07-20 16:34:30.635659,0,122.0999999999952,1550.0,0.00227862224
2026-07-20 16:34:31.865649,0,122.1499999999952,1550.0,0.0022686834
2026-07-20 16:34:33.105564,0,122.1999999999952,1550.0,0.00226137578
2026-07-20 16:34:34.325043,0,122.2499999999952,1550.0,0.0022542139
2026-07-20 16:34:35.554442,0,122.2999999999952,1550.0,0.00224559056
2026-07-20 16:34:36.777303,0,122.34999999999519,1550.0,0.00223609013
2026-07-20 16:34:38.004377,0,122.39999999999519,1550.0,0.00223068218
2026-07-20 16:34:39.222810,0,122.44999999999519,1550.0,0.00222308189
2026-07-20 16:34:40.453858,0,122.49999999999518,1550.0,0.00221314305
2026-07-20 16:34:41.703551,0,122.54999999999518,1550.0,0.0022045197
2026-07-20 16:34:42.927163,0,122.59999999999518,1550.0,0.00219677342
2026-07-20 16:34:44.153614,0,122.64999999999517,1550.0,0.00219019619
2026-07-20 16:34:45.403329,0,122.69999999999517,1550.0,0.00218318054
2026-07-20 16:34:46.626470,0,122.74999999999517,1550.0,0.00217338791
2026-07-20 16:34:47.855762,0,122.79999999999517,1550.0,0.00216476456
2026-07-20 16:34:49.077288,0,122.84999999999516,1550.0,0.00215789513
2026-07-20 16:34:50.304406,0,122.89999999999516,1550.0,0.00214751787
2026-07-20 16:34:51.553219,0,122.94999999999516,1550.0,0.0021390405
2026-07-20 16:34:52.777170,0,122.99999999999515,1550.0,0.00213231728
2026-07-20 16:34:54.004256,0,123.04999999999515,1550.0,0.00212530163
2026-07-20 16:34:55.228265,0,123.09999999999515,1550.0,0.00211580121
2026-07-20 16:34:56.456623,0,123.14999999999515,1550.0,0.00210849359
2026-07-20 16:34:57.702980,0,123.19999999999514,1550.0,0.00209870073
2026-07-20 16:34:58.950181,0,123.24999999999514,1550.0,0.00209139287
2026-07-20 16:35:00.173164,0,123.29999999999514,1550.0,0.00208364637
2026-07-20 16:35:01.401955,0,123.34999999999513,1550.0,0.00207619229
2026-07-20 16:35:02.619578,0,123.39999999999513,1550.0,0.0020701997
2026-07-20 16:35:03.852558,0,123.44999999999513,1550.0,0.00206172257
2026-07-20 16:35:05.101726,0,123.49999999999513,1550.0,0.00205426826
2026-07-20 16:35:06.333639,0,123.54999999999512,1550.0,0.00204696064
2026-07-20 16:35:07.557210,0,123.59999999999512,1550.0,0.00204374501
2026-07-20 16:35:08.802281,0,123.64999999999512,1550.0,0.00203789864
2026-07-20 16:35:10.050872,0,123.69999999999511,1550.0,0.00202883687
2026-07-20 16:35:11.303731,0,123.74999999999511,1550.0,0.00201802095
2026-07-20 16:35:12.551524,0,123.79999999999511,1550.0,0.0020047205
2026-07-20 16:35:13.801672,0,123.8499999999951,1550.0,0.00199609715
2026-07-20 16:35:15.028649,0,123.8999999999951,1550.0,0.00198849686
2026-07-20 16:35:16.249461,0,123.9499999999951,1550.0,0.00198104279
2026-07-20 16:35:17.502386,0,123.9999999999951,1550.0,0.00197139638
2026-07-20 16:35:18.724361,0,124.0499999999951,1550.0,0.00196350389
2026-07-20 16:35:19.951353,0,124.09999999999509,1550.0,0.00195663422
2026-07-20 16:35:21.201327,0,124.14999999999509,1550.0,0.00194684172
2026-07-20 16:35:22.450329,0,124.19999999999509,1550.0,0.00193865667
2026-07-20 16:35:23.676311,0,124.24999999999508,1550.0,0.00193003332
2026-07-20 16:35:24.903557,0,124.29999999999508,1550.0,0.00192272547
2026-07-20 16:35:26.129801,0,124.34999999999508,1550.0,0.00191644067
2026-07-20 16:35:27.345337,0,124.39999999999507,1550.0,0.00190635561
2026-07-20 16:35:28.566723,0,124.44999999999507,1550.0,0.00189758616
2026-07-20 16:35:29.801854,0,124.49999999999507,1550.0,0.00188940123
2026-07-20 16:35:31.050676,0,124.54999999999507,1550.0,0.00188209314
2026-07-20 16:35:32.301432,0,124.59999999999506,1550.0,0.00187230064
2026-07-20 16:35:33.550189,0,124.64999999999506,1550.0,0.00186470035
2026-07-20 16:35:34.774436,0,124.69999999999506,1550.0,0.00185490772
2026-07-20 16:35:36.002330,0,124.74999999999505,1550.0,0.00184686901
2026-07-20 16:35:37.223214,0,124.79999999999505,1550.0,0.00183678395
2026-07-20 16:35:38.436279,0,124.84999999999505,1550.0,0.00183020683
2026-07-20 16:35:39.664072,0,124.89999999999505,1550.0,0.00182085275
2026-07-20 16:35:40.903257,0,124.94999999999504,1550.0,0.00181442162
2026-07-20 16:35:42.124385,0,124.99999999999504,1550.0,0.00180272898
2026-07-20 16:35:43.350503,0,125.04999999999504,1550.0,0.00179600564
2026-07-20 16:35:44.571689,0,125.09999999999503,1550.0,0.00178650522
2026-07-20 16:35:45.802271,0,125.14999999999503,1550.0,0.00177890505
2026-07-20 16:35:47.050954,0,125.19999999999503,1550.0,0.00176867389
2026-07-20 16:35:48.301316,0,125.24999999999503,1550.0,0.00176078139
2026-07-20 16:35:49.518040,0,125.29999999999502,1550.0,0.00175288867
2026-07-20 16:35:50.745775,0,125.34999999999502,1550.0,0.00174470397
2026-07-20 16:35:51.973379,0,125.39999999999502,1550.0,0.00173564209
2026-07-20 16:35:53.200567,0,125.44999999999501,1550.0,0.00173008791
2026-07-20 16:35:54.448875,0,125.49999999999501,1550.0,0.00172058761
2026-07-20 16:35:55.699753,0,125.54999999999501,1550.0,0.00171357207
2026-07-20 16:35:56.925551,0,125.599999999995,1550.0,0.00170655653
2026-07-20 16:35:58.151093,0,125.649999999995,1550.0,0.00169661769
2026-07-20 16:35:59.372549,0,125.699999999995,1550.0,0.00168755581
2026-07-20 16:36:00.599938,0,125.749999999995,1550.0,0.00167878636
2026-07-20 16:36:01.815274,0,125.799999999995,1550.0,0.00166957814
2026-07-20 16:36:03.040032,0,125.84999999999499,1550.0,0.00166139321
2026-07-20 16:36:04.265813,0,125.89999999999499,1550.0,0.00165393925
2026-07-20 16:36:05.502604,0,125.94999999999499,1550.0,0.00164721592
2026-07-20 16:36:06.724055,0,125.99999999999498,1550.0,0.00163932343
2026-07-20 16:36:07.950016,0,126.04999999999498,1550.0,0.00163084618
2026-07-20 16:36:09.200001,0,126.09999999999498,1550.0,0.00162397663
2026-07-20 16:36:10.450433,0,126.14999999999498,1550.0,0.00161564548
2026-07-20 16:36:11.673398,0,126.19999999999497,1550.0,0.00160877616
2026-07-20 16:36:12.901988,0,126.24999999999497,1550.0,0.00160102965
2026-07-20 16:36:14.129688,0,126.29999999999497,1550.0,0.00159284472
2026-07-20 16:36:15.352176,0,126.34999999999496,1550.0,0.00158436759
2026-07-20 16:36:16.572805,0,126.39999999999496,1550.0,0.00157632888
2026-07-20 16:36:17.800070,0,126.44999999999496,1550.0,0.00157033629
2026-07-20 16:36:19.019860,0,126.49999999999496,1550.0,0.00156142062
2026-07-20 16:36:20.248689,0,126.54999999999495,1550.0,0.00155498972
2026-07-20 16:36:21.469847,0,126.59999999999495,1550.0,0.00154885091
2026-07-20 16:36:22.702001,0,126.64999999999495,1550.0,0.00154022768
2026-07-20 16:36:23.950173,0,126.69999999999494,1550.0,0.00153365044
2026-07-20 16:36:25.161697,0,126.74999999999494,1550.0,0.00152780407
2026-07-20 16:36:26.401205,0,126.79999999999494,1550.0,0.00151859608
2026-07-20 16:36:27.627503,0,126.84999999999494,1550.0,0.00151172653
2026-07-20 16:36:28.845405,0,126.89999999999493,1550.0,0.00150368782
2026-07-20 16:36:30.072137,0,126.94999999999493,1550.0,0.00149754924
2026-07-20 16:36:31.303664,0,126.99999999999493,1550.0,0.00148965651
2026-07-20 16:36:32.548915,0,127.04999999999492,1550.0,0.00148351793
2026-07-20 16:36:33.798327,0,127.09999999999492,1550.0,0.00147825631
2026-07-20 16:36:35.047290,0,127.14999999999492,1550.0,0.00146729429
2026-07-20 16:36:36.264254,0,127.19999999999492,1550.0,0.00146203255
2026-07-20 16:36:37.501609,0,127.24999999999491,1550.0,0.00145560154
2026-07-20 16:36:38.729007,0,127.29999999999491,1550.0,0.00144580891
2026-07-20 16:36:39.946672,0,127.3499999999949,1550.0,0.00143791642
2026-07-20 16:36:41.158334,0,127.3999999999949,1550.0,0.00143250858
2026-07-20 16:36:42.397488,0,127.4499999999949,1550.0,0.00142593123
2026-07-20 16:36:43.648376,0,127.4999999999949,1550.0,0.00141876948
2026-07-20 16:36:44.866070,0,127.5499999999949,1550.0,0.00141233858
2026-07-20 16:36:46.101016,0,127.59999999999489,1550.0,0.00140444585
2026-07-20 16:36:47.348246,0,127.64999999999489,1550.0,0.00139830727
2026-07-20 16:36:48.598564,0,127.69999999999489,1550.0,0.00139041478
2026-07-20 16:36:49.821542,0,127.74999999999488,1550.0,0.00138383755
2026-07-20 16:36:51.045831,0,127.79999999999488,1550.0,0.00137711421
2026-07-20 16:36:52.298757,0,127.84999999999488,1550.0,0.00136805233
2026-07-20 16:36:53.518164,0,127.89999999999488,1550.0,0.00136308314
2026-07-20 16:36:54.748253,0,127.94999999999487,1550.0,0.00135679822
2026-07-20 16:36:55.998945,0,127.99999999999487,1550.0,0.00134934403
2026-07-20 16:36:57.218161,0,128.04999999999487,1550.0,0.00134174374
2026-07-20 16:36:58.448692,0,128.09999999999488,1550.0,0.00133677432
2026-07-20 16:36:59.671397,0,128.1499999999949,1550.0,0.00132742024
2026-07-20 16:37:00.905459,0,128.1999999999949,1550.0,0.00132142764
2026-07-20 16:37:02.134674,0,128.2499999999949,1550.0,0.0013144121
2026-07-20 16:37:03.351661,0,128.29999999999492,1550.0,0.00130915036
2026-07-20 16:37:04.571080,0,128.34999999999494,1550.0,0.0013033041
2026-07-20 16:37:05.804332,0,128.39999999999495,1550.0,0.00129833468
2026-07-20 16:37:07.048412,0,128.44999999999496,1550.0,0.00129073439
2026-07-20 16:37:08.270897,0,128.49999999999497,1550.0,0.00128401106
2026-07-20 16:37:09.500292,0,128.54999999999498,1550.0,0.00127655687
2026-07-20 16:37:10.721095,0,128.599999999995,1550.0,0.00126968755
2026-07-20 16:37:11.949000,0,128.649999999995,1550.0,0.00125945639
2026-07-20 16:37:13.198022,0,128.69999999999501,1550.0,0.00125185598
2026-07-20 16:37:14.429238,0,128.74999999999503,1550.0,0.00124849437
2026-07-20 16:37:15.656095,0,128.79999999999504,1550.0,0.00124250178
2026-07-20 16:37:16.900649,0,128.84999999999505,1550.0,0.00123417086
2026-07-20 16:37:18.147853,0,128.89999999999506,1550.0,0.00122861669
2026-07-20 16:37:19.368907,0,128.94999999999507,1550.0,0.00122233189
2026-07-20 16:37:20.599990,0,128.99999999999508,1550.0,0.00121502415
2026-07-20 16:37:21.847565,0,129.0499999999951,1550.0,0.00120859302
2026-07-20 16:37:23.072128,0,129.0999999999951,1550.0,0.00120113906
2026-07-20 16:37:24.303864,0,129.14999999999512,1550.0,0.00119222316
2026-07-20 16:37:25.527010,0,129.19999999999513,1550.0,0.00118666922
2026-07-20 16:37:26.757818,0,129.24999999999514,1550.0,0.00118067663
2026-07-20 16:37:27.999363,0,129.29999999999515,1550.0,0.0011724917
2026-07-20 16:37:29.221545,0,129.34999999999516,1550.0,0.00116708386
2026-07-20 16:37:30.447922,0,129.39999999999517,1550.0,0.00116255309
2026-07-20 16:37:31.671170,0,129.44999999999519,1550.0,0.00115612196
2026-07-20 16:37:32.899511,0,129.4999999999952,1550.0,0.00115129887
2026-07-20 16:37:34.149817,0,129.5499999999952,1550.0,0.00114311383
2026-07-20 16:37:35.396730,0,129.59999999999522,1550.0,0.00113609829
2026-07-20 16:37:36.626023,0,129.64999999999523,1550.0,0.00112966727
2026-07-20 16:37:37.843631,0,129.69999999999524,1550.0,0.00112235919
2026-07-20 16:37:39.098641,0,129.74999999999525,1550.0,0.00111636682
2026-07-20 16:37:40.314242,0,129.79999999999526,1550.0,0.00110862043
2026-07-20 16:37:41.546600,0,129.84999999999528,1550.0,0.00110452785
2026-07-20 16:37:42.796988,0,129.8999999999953,1550.0,0.00109707389
2026-07-20 16:37:44.047980,0,129.9499999999953,1550.0,0.00108991214
2026-07-20 16:37:45.270338,0,129.9999999999953,1550.0,0.00108275027
2026-07-20 16:37:46.499297,0,130.04999999999532,1550.0,0.00107675768
2026-07-20 16:37:47.726721,0,130.09999999999533,1550.0,0.00106740359
2026-07-20 16:37:48.948658,0,130.14999999999534,1550.0,0.00106097257
2026-07-20 16:37:50.197377,0,130.19999999999536,1550.0,0.00105439546
2026-07-20 16:37:51.446662,0,130.24999999999537,1550.0,0.00104869506
2026-07-20 16:37:52.667526,0,130.29999999999538,1550.0,0.00104255648
2026-07-20 16:37:53.906204,0,130.3499999999954,1550.0,0.00103583315
2026-07-20 16:37:55.148191,0,130.3999999999954,1550.0,0.0010286714
2026-07-20 16:37:56.395889,0,130.4499999999954,1550.0,0.00102209428
2026-07-20 16:37:57.624065,0,130.49999999999542,1550.0,0.00101566326
2026-07-20 16:37:58.845765,0,130.54999999999544,1550.0,0.00100864773
2026-07-20 16:38:00.064305,0,130.59999999999545,1550.0,0.00100294733
2026-07-20 16:38:01.299749,0,130.64999999999546,1550.0,0.000996808754
2026-07-20 16:38:02.547383,0,130.69999999999547,1550.0,0.000989939203
2026-07-20 16:38:03.771391,0,130.74999999999548,1550.0,0.000983654405
2026-07-20 16:38:04.998126,0,130.7999999999955,1550.0,0.000975615636
2026-07-20 16:38:06.217847,0,130.8499999999955,1550.0,0.000970354013
2026-07-20 16:38:07.447492,0,130.89999999999552,1550.0,0.000962169026
2026-07-20 16:38:08.699541,0,130.94999999999553,1550.0,0.000957492099
2026-07-20 16:38:09.926206,0,130.99999999999554,1550.0,0.000950476329
2026-07-20 16:38:11.143784,0,131.04999999999555,1550.0,0.000943460793
2026-07-20 16:38:12.396562,0,131.09999999999556,1550.0,0.0009355683
2026-07-20 16:38:13.614225,0,131.14999999999557,1550.0,0.000929575705
2026-07-20 16:38:14.846727,0,131.19999999999558,1550.0,0.000923729327
2026-07-20 16:38:16.100641,0,131.2499999999956,1550.0,0.00091788295
2026-07-20 16:38:17.314757,0,131.2999999999956,1550.0,0.000911159674
2026-07-20 16:38:18.547251,0,131.34999999999562,1550.0,0.000903559383
2026-07-20 16:38:19.764320,0,131.39999999999563,1550.0,0.000898589962
2026-07-20 16:38:20.997710,0,131.44999999999564,1550.0,0.000891866686
2026-07-20 16:38:22.230017,0,131.49999999999565,1550.0,0.000885874091
2026-07-20 16:38:23.449758,0,131.54999999999566,1550.0,0.000878858555
2026-07-20 16:38:24.698729,0,131.59999999999567,1550.0,0.000872281438
2026-07-20 16:38:25.917230,0,131.64999999999569,1550.0,0.000867019582
2026-07-20 16:38:27.146262,0,131.6999999999957,1550.0,0.00085985777
2026-07-20 16:38:28.370982,0,131.7499999999957,1550.0,0.000854157668
2026-07-20 16:38:29.599360,0,131.79999999999572,1550.0,0.000847726827
2026-07-20 16:38:30.820123,0,131.84999999999573,1550.0,0.000842318928
2026-07-20 16:38:32.054023,0,131.89999999999574,1550.0,0.000835010898
2026-07-20 16:38:33.270268,0,131.94999999999575,1550.0,0.000830187695
2026-07-20 16:38:34.501695,0,131.99999999999577,1550.0,0.000822002767
2026-07-20 16:38:35.736009,0,132.04999999999578,1550.0,0.000816594868
2026-07-20 16:38:36.954471,0,132.0999999999958,1550.0,0.000810456288
2026-07-20 16:38:38.195984,0,132.1499999999958,1550.0,0.000803440518
2026-07-20 16:38:39.417364,0,132.1999999999958,1550.0,0.000800224952
2026-07-20 16:38:40.645723,0,132.24999999999582,1550.0,0.000792917155
2026-07-20 16:38:41.866033,0,132.29999999999583,1550.0,0.000786193879
2026-07-20 16:38:43.100408,0,132.34999999999584,1550.0,0.000780201284
2026-07-20 16:38:44.343648,0,132.39999999999586,1550.0,0.000773185748
2026-07-20 16:38:45.566742,0,132.44999999999587,1550.0,0.000767193153
2026-07-20 16:38:46.795114,0,132.49999999999588,1550.0,0.000761346775
2026-07-20 16:38:48.015160,0,132.5499999999959,1550.0,0.000756231311
2026-07-20 16:38:49.235656,0,132.5999999999959,1550.0,0.000750238716
2026-07-20 16:38:50.457648,0,132.6499999999959,1550.0,0.000744392397
2026-07-20 16:38:51.698434,0,132.69999999999592,1550.0,0.000738253759
2026-07-20 16:38:52.920304,0,132.74999999999594,1550.0,0.000731676468
2026-07-20 16:38:54.144929,0,132.79999999999595,1550.0,0.000724953192
2026-07-20 16:38:55.369961,0,132.84999999999596,1550.0,0.000719253032
2026-07-20 16:38:56.594112,0,132.89999999999597,1550.0,0.000711360539
2026-07-20 16:38:57.814986,0,132.94999999999598,1550.0,0.000706098683
2026-07-20 16:38:59.045772,0,132.999999999996,1550.0,0.000700544741
2026-07-20 16:39:00.266180,0,133.049999999996,1550.0,0.000695429102
2026-07-20 16:39:01.498097,0,133.09999999999602,1550.0,0.00068768271
2026-07-20 16:39:02.724949,0,133.14999999999603,1550.0,0.000683297927
2026-07-20 16:39:03.952830,0,133.19999999999604,1550.0,0.000675259216
2026-07-20 16:39:05.169334,0,133.24999999999605,1550.0,0.000670436013
2026-07-20 16:39:06.395057,0,133.29999999999606,1550.0,0.000664297258
2026-07-20 16:39:07.612018,0,133.34999999999607,1550.0,0.000657281606
2026-07-20 16:39:08.844608,0,133.39999999999608,1550.0,0.000650996808
2026-07-20 16:39:10.095557,0,133.4499999999961,1550.0,0.000645004329
2026-07-20 16:39:11.343862,0,133.4999999999961,1550.0,0.000640765706
2026-07-20 16:39:12.596792,0,133.54999999999612,1550.0,0.000631996139
2026-07-20 16:39:13.823225,0,133.59999999999613,1550.0,0.000627319096
2026-07-20 16:39:15.047856,0,133.64999999999614,1550.0,0.000621180399
2026-07-20 16:39:16.297507,0,133.69999999999615,1550.0,0.000615041761
2026-07-20 16:39:17.515911,0,133.74999999999616,1550.0,0.0006102185
2026-07-20 16:39:18.744573,0,133.79999999999617,1550.0,0.000604372122
2026-07-20 16:39:19.996617,0,133.8499999999962,1550.0,0.000598087267
2026-07-20 16:39:21.242620,0,133.8999999999962,1550.0,0.000593336357
2026-07-20 16:39:22.465959,0,133.9499999999962,1550.0,0.000586542301
2026-07-20 16:39:23.697308,0,133.99999999999622,1550.0,0.000580890337
2026-07-20 16:39:24.944412,0,134.04999999999623,1550.0,0.000575165206
2026-07-20 16:39:26.194708,0,134.09999999999624,1550.0,0.000570289209
2026-07-20 16:39:27.416338,0,134.14999999999625,1550.0,0.000564139395
2026-07-20 16:39:28.642568,0,134.19999999999627,1550.0,0.000557887135
2026-07-20 16:39:29.863936,0,134.24999999999628,1550.0,0.000552191283
2026-07-20 16:39:31.097691,0,134.2999999999963,1550.0,0.000546085415
2026-07-20 16:39:32.344173,0,134.3499999999963,1550.0,0.000540521287
2026-07-20 16:39:33.566348,0,134.3999999999963,1550.0,0.000535001105
2026-07-20 16:39:34.794004,0,134.44999999999632,1550.0,0.000529715209
2026-07-20 16:39:36.018996,0,134.49999999999633,1550.0,0.000524678209
2026-07-20 16:39:37.243936,0,134.54999999999634,1550.0,0.000518674788
2026-07-20 16:39:38.456494,0,134.59999999999636,1550.0,0.000513374282
2026-07-20 16:39:39.699311,0,134.64999999999637,1550.0,0.000508571567
2026-07-20 16:39:40.924367,0,134.69999999999638,1550.0,0.000503505347
2026-07-20 16:39:42.143717,0,134.7499999999964,1550.0,0.000498673297
2026-07-20 16:39:43.365407,0,134.7999999999964,1550.0,0.000493211672
2026-07-20 16:39:44.595082,0,134.8499999999964,1550.0,0.000488423684
2026-07-20 16:39:45.814901,0,134.89999999999642,1550.0,0.000482918083
2026-07-20 16:39:47.046020,0,134.94999999999644,1550.0,0.000477529713
2026-07-20 16:39:48.295102,0,134.99999999999645,1550.0,0.000471921609
2026-07-20 16:39:49.515854,0,135.04999999999646,1550.0,0.000467265345
2026-07-20 16:39:50.744864,0,135.09999999999647,1550.0,0.000461745163
2026-07-20 16:39:51.992215,0,135.14999999999648,1550.0,0.000456957088
2026-07-20 16:39:53.215498,0,135.1999999999965,1550.0,0.000452300854
2026-07-20 16:39:54.444914,0,135.2499999999965,1550.0,0.00044700029
2026-07-20 16:39:55.661163,0,135.29999999999652,1550.0,0.000442754012
2026-07-20 16:39:56.899128,0,135.34999999999653,1550.0,0.000437965937
2026-07-20 16:39:58.144031,0,135.39999999999654,1550.0,0.000433646434
2026-07-20 16:39:59.393638,0,135.44999999999655,1550.0,0.000428902305
2026-07-20 16:40:00.612485,0,135.49999999999656,1550.0,0.000424055674
2026-07-20 16:40:01.843267,0,135.54999999999657,1550.0,0.00041856477
2026-07-20 16:40:03.061857,0,135.59999999999658,1550.0,0.000413835252
2026-07-20 16:40:04.295527,0,135.6499999999966,1550.0,0.000409750035
2026-07-20 16:40:05.529514,0,135.6999999999966,1550.0,0.000405342667
2026-07-20 16:40:06.752952,0,135.74999999999662,1550.0,0.000401169615
2026-07-20 16:40:07.996389,0,135.79999999999663,1550.0,0.000396103336
2026-07-20 16:40:09.217068,0,135.84999999999664,1550.0,0.000391490961
2026-07-20 16:40:10.443342,0,135.89999999999665,1550.0,0.000387845008
2026-07-20 16:40:11.695768,0,135.94999999999666,1550.0,0.00038359873
2026-07-20 16:40:12.915217,0,135.99999999999667,1550.0,0.00037888388
2026-07-20 16:40:14.142726,0,136.0499999999967,1550.0,0.000374022638
2026-07-20 16:40:15.393417,0,136.0999999999967,1550.0,0.000369908084
2026-07-20 16:40:16.613449,0,136.1499999999967,1550.0,0.000365310349
2026-07-20 16:40:17.836093,0,136.19999999999672,1550.0,0.000360097707
2026-07-20 16:40:19.058492,0,136.24999999999673,1550.0,0.000355983182
2026-07-20 16:40:20.296084,0,136.29999999999674,1550.0,0.000352205418
2026-07-20 16:40:21.542774,0,136.34999999999675,1550.0,0.000348427682
2026-07-20 16:40:22.791546,0,136.39999999999677,1550.0,0.000344210683
2026-07-20 16:40:24.041416,0,136.44999999999678,1550.0,0.000340769737
2026-07-20 16:40:25.265763,0,136.4999999999968,1550.0,0.00033787053
2026-07-20 16:40:26.494921,0,136.5499999999968,1550.0,0.00033246752
2026-07-20 16:40:27.717221,0,136.5999999999968,1550.0,0.000328528695
2026-07-20 16:40:28.937249,0,136.64999999999682,1550.0,0.000323872402
2026-07-20 16:40:30.191168,0,136.69999999999683,1550.0,0.000320314313
2026-07-20 16:40:31.412337,0,136.74999999999685,1550.0,0.000315804442
2026-07-20 16:40:32.642129,0,136.79999999999686,1550.0,0.000311397103
2026-07-20 16:40:33.944315,0,136.84999999999687,1550.0,0.000307194743
2026-07-20 16:40:35.159599,0,136.89999999999688,1550.0,0.000303197361
2026-07-20 16:40:36.392725,0,136.9499999999969,1550.0,0.000298936444
2026-07-20 16:40:37.624122,0,136.9999999999969,1550.0,0.000295407604
2026-07-20 16:40:38.845059,0,137.0499999999969,1550.0,0.000291410222
2026-07-20 16:40:40.065221,0,137.09999999999692,1550.0,0.000287515373
2026-07-20 16:40:41.295900,0,137.14999999999694,1550.0,0.000283664413
2026-07-20 16:40:42.540372,0,137.19999999999695,1550.0,0.000280413777
2026-07-20 16:40:43.765030,0,137.24999999999696,1550.0,0.000276460341
2026-07-20 16:40:44.993041,0,137.29999999999697,1550.0,0.000272799749
2026-07-20 16:40:46.242011,0,137.34999999999698,1550.0,0.000269373413
2026-07-20 16:40:47.460209,0,137.399999999997,1550.0,0.00026537606
2026-07-20 16:40:48.694373,0,137.449999999997,1550.0,0.000262271875
2026-07-20 16:40:49.914854,0,137.49999999999702,1550.0,0.000258391636
2026-07-20 16:40:51.138173,0,137.54999999999703,1550.0,0.00025411605
2026-07-20 16:40:52.355889,0,137.59999999999704,1550.0,0.000249679433
2026-07-20 16:40:53.592676,0,137.64999999999705,1550.0,0.000245945586
2026-07-20 16:40:54.814925,0,137.69999999999706,1550.0,0.000241904301
2026-07-20 16:40:56.042243,0,137.74999999999707,1550.0,0.000238492619
2026-07-20 16:40:57.264533,0,137.79999999999708,1550.0,0.000234890598
2026-07-20 16:40:58.493591,0,137.8499999999971,1550.0,0.000231552141
2026-07-20 16:40:59.741059,0,137.8999999999971,1550.0,0.000228096513
2026-07-20 16:41:00.964042,0,137.94999999999712,1550.0,0.000224611635
